gender,weight_kg,height_cm,age,activity_level,goal,gender_encoded,activity_encoded,goal_encoded,weight_kg_scaled,height_cm_scaled,age_scaled,bmr,tdee,calorie_goal,protein_target_g,protein_target_g,fat_target_g,fat_target_g,carbs_target_g,carbs_target_g
male,86.4,151.9,48,sedentary,gain,1,3,0,0.7536764705882354,0.05428571428571427,0.7317073170731709,1702.33,2042.8,2342.8,175.7,175.7,65.1,65.1,263.6,263.6
female,79.1,168.2,45,sedentary,gain,0,3,0,0.6194852941176471,0.5199999999999996,0.6585365853658538,1505.26,1806.31,2106.31,158.0,158.0,58.5,58.5,237.0,237.0
male,68.9,163.4,28,extra_active,gain,1,0,0,0.4319852941176471,0.38285714285714256,0.2439024390243903,1636.62,3109.58,3409.58,255.7,255.7,94.7,94.7,383.6,383.6
male,74.3,166.6,18,moderately_active,maintain,1,2,2,0.5312499999999999,0.4742857142857142,0.0,1781.09,2760.69,2760.69,207.1,207.1,92.0,92.0,276.1,276.1
male,85.8,184.4,55,sedentary,lose,1,3,1,0.7426470588235293,0.9828571428571431,0.902439024390244,1810.53,2172.64,1672.64,146.4,146.4,55.8,55.8,146.4,146.4
female,62.3,180.0,41,sedentary,gain,0,3,0,0.31066176470588236,0.8571428571428568,0.5609756097560976,1403.79,1684.55,1984.55,148.8,148.8,55.1,55.1,223.3,223.3
male,72.7,160.3,48,very_active,maintain,1,4,2,0.5018382352941176,0.2942857142857145,0.7317073170731709,1559.11,2689.46,2689.46,201.7,201.7,89.6,89.6,268.9,268.9
male,92.0,172.2,58,very_active,lose,1,4,1,0.8566176470588235,0.6342857142857143,0.9756097560975612,1818.01,3136.07,2636.07,230.7,230.7,87.9,87.9,230.7,230.7
male,55.0,156.3,43,sedentary,maintain,1,3,2,0.17647058823529405,0.1800000000000006,0.6097560975609757,1331.17,1597.4,1597.4,119.8,119.8,53.2,53.2,159.7,159.7
female,64.6,173.7,22,extra_active,lose,0,0,1,0.3529411764705882,0.677142857142857,0.09756097560975613,1487.81,2826.84,2326.84,203.6,203.6,77.6,77.6,203.6,203.6
male,82.6,165.5,37,sedentary,maintain,1,3,2,0.6838235294117646,0.44285714285714306,0.4634146341463415,1779.14,2134.97,2134.97,160.1,160.1,71.2,71.2,213.5,213.5
male,84.5,162.0,58,lightly_active,lose,1,1,1,0.7187500000000001,0.3428571428571425,0.9756097560975612,1668.58,2294.3,1794.3,157.0,157.0,59.8,59.8,157.0,157.0
male,97.0,162.5,28,moderately_active,lose,1,2,1,0.948529411764706,0.35714285714285676,0.2439024390243903,2008.75,3113.56,2613.56,228.7,228.7,87.1,87.1,228.7,228.7
male,46.6,172.2,50,extra_active,maintain,1,0,2,0.022058823529411797,0.6342857142857143,0.7804878048780488,1255.2,2384.88,2384.88,178.9,178.9,79.5,79.5,238.5,238.5
female,73.2,162.1,55,lightly_active,gain,0,1,0,0.511029411764706,0.3457142857142852,0.902439024390244,1388.51,1909.2,2209.2,165.7,165.7,61.4,61.4,248.5,248.5
male,56.2,162.6,44,extra_active,lose,1,0,1,0.19852941176470595,0.35999999999999943,0.6341463414634148,1371.8,2606.42,2106.42,184.3,184.3,70.2,70.2,184.3,184.3
female,52.2,178.4,51,lightly_active,gain,0,1,0,0.125,0.8114285714285714,0.8048780487804879,1262.14,1735.44,2035.44,152.7,152.7,56.5,56.5,229.0,229.0
female,67.7,171.9,32,moderately_active,maintain,0,2,2,0.4099264705882354,0.6257142857142854,0.34146341463414637,1467.6,2274.78,2274.78,170.6,170.6,75.8,75.8,227.5,227.5
female,81.6,154.7,49,moderately_active,gain,0,2,0,0.6654411764705882,0.13428571428571434,0.7560975609756098,1469.24,2277.32,2577.32,193.3,193.3,71.6,71.6,289.9,289.9
male,46.4,169.9,38,very_active,gain,1,4,0,0.018382352941176405,0.5685714285714285,0.48780487804878053,1309.61,2259.08,2559.08,191.9,191.9,71.1,71.1,287.9,287.9
female,72.9,152.1,22,lightly_active,gain,0,1,0,0.5055147058823531,0.05999999999999961,0.09756097560975613,1497.65,2059.27,2359.27,176.9,176.9,65.5,65.5,265.4,265.4
male,72.1,157.7,23,very_active,gain,1,4,0,0.4908088235294116,0.21999999999999975,0.12195121951219517,1680.52,2898.9,3198.9,239.9,239.9,88.9,88.9,359.9,359.9
female,82.0,159.8,55,lightly_active,gain,0,1,0,0.6727941176470588,0.28000000000000025,0.902439024390244,1462.76,2011.3,2311.3,173.3,173.3,64.2,64.2,260.0,260.0
female,92.9,163.0,39,very_active,lose,0,4,1,0.8731617647058826,0.371428571428571,0.5121951219512195,1642.74,2833.73,2333.73,204.2,204.2,77.8,77.8,204.2,204.2
female,82.8,179.7,35,moderately_active,lose,0,2,1,0.6874999999999999,0.8485714285714279,0.4146341463414634,1618.41,2508.54,2008.54,175.7,175.7,67.0,67.0,175.7,175.7
female,76.1,167.9,31,extra_active,lose,0,0,1,0.5643382352941176,0.5114285714285716,0.3170731707317073,1537.21,2920.7,2420.7,211.8,211.8,80.7,80.7,211.8,211.8
female,73.7,177.2,27,very_active,maintain,0,4,2,0.5202205882352943,0.7771428571428567,0.21951219512195125,1561.15,2692.98,2692.98,202.0,202.0,89.8,89.8,269.3,269.3
female,78.8,170.9,30,lightly_active,gain,0,1,0,0.613970588235294,0.597142857142857,0.2926829268292683,1575.8,2166.72,2466.72,185.0,185.0,68.5,68.5,277.5,277.5
female,57.8,166.4,48,lightly_active,lose,0,1,1,0.2279411764705882,0.46857142857142886,0.7317073170731709,1289.74,1773.39,1273.39,111.4,111.4,42.4,42.4,111.4,111.4
female,78.2,181.0,47,moderately_active,maintain,0,2,2,0.6029411764705882,0.8857142857142861,0.7073170731707319,1527.94,2368.31,2368.31,177.6,177.6,78.9,78.9,236.8,236.8
male,91.6,161.0,20,lightly_active,lose,1,1,1,0.8492647058823529,0.31428571428571406,0.04878048780487804,1974.63,2715.12,2215.12,193.8,193.8,73.8,73.8,193.8,193.8
male,68.9,157.2,47,sedentary,lose,1,3,1,0.4319852941176471,0.20571428571428552,0.7073170731707319,1499.0,1798.8,1298.8,113.6,113.6,43.3,43.3,113.6,113.6
female,99.8,171.5,23,extra_active,gain,0,0,0,0.9999999999999999,0.6142857142857139,0.12195121951219517,1802.16,3424.1,3724.1,279.3,279.3,103.4,103.4,419.0,419.0
female,80.0,175.9,46,very_active,maintain,0,4,2,0.636029411764706,0.7400000000000002,0.6829268292682928,1533.11,2644.61,2644.61,198.3,198.3,88.2,88.2,264.5,264.5
female,89.6,152.8,25,extra_active,gain,0,0,0,0.8124999999999999,0.08000000000000007,0.17073170731707316,1641.25,3118.38,3418.38,256.4,256.4,95.0,95.0,384.6,384.6
male,72.9,182.4,50,moderately_active,gain,1,2,0,0.5055147058823531,0.9257142857142862,0.7804878048780488,1656.49,2567.56,2867.56,215.1,215.1,79.7,79.7,322.6,322.6
female,58.6,175.9,34,very_active,lose,0,4,1,0.24264705882352955,0.7400000000000002,0.39024390243902446,1387.19,2392.9,1892.9,165.6,165.6,63.1,63.1,165.6,165.6
male,66.1,156.6,28,very_active,gain,1,4,0,0.3805147058823529,0.1885714285714286,0.2439024390243903,1566.47,2702.16,3002.16,225.2,225.2,83.4,83.4,337.7,337.7
male,75.3,161.7,30,sedentary,maintain,1,3,2,0.5496323529411765,0.33428571428571363,0.2926829268292683,1702.84,2043.41,2043.41,153.3,153.3,68.1,68.1,204.3,204.3
male,57.6,173.0,28,moderately_active,gain,1,2,0,0.22426470588235292,0.6571428571428575,0.2439024390243903,1531.3,2373.51,2673.51,200.5,200.5,74.3,74.3,300.8,300.8
male,97.9,163.8,48,lightly_active,gain,1,1,0,0.9650735294117648,0.394285714285715,0.7317073170731709,1913.51,2631.08,2931.08,219.8,219.8,81.4,81.4,329.7,329.7
male,76.6,155.6,45,sedentary,gain,1,3,0,0.5735294117647057,0.16000000000000014,0.6585365853658538,1605.83,1927.0,2227.0,167.0,167.0,61.9,61.9,250.5,250.5
female,65.3,172.8,23,sedentary,lose,0,3,1,0.3658088235294118,0.6514285714285721,0.12195121951219517,1487.17,1784.6,1284.6,112.4,112.4,42.8,42.8,112.4,112.4
female,70.0,177.0,58,extra_active,maintain,0,0,2,0.45220588235294124,0.7714285714285714,0.9756097560975612,1392.09,2644.97,2644.97,198.4,198.4,88.2,88.2,264.5,264.5
female,82.8,150.1,33,extra_active,lose,0,0,1,0.6874999999999999,0.0028571428571426694,0.3658536585365854,1535.36,2917.18,2417.18,211.5,211.5,80.6,80.6,211.5,211.5
female,69.6,162.1,21,extra_active,lose,0,0,1,0.44485294117647045,0.3457142857142852,0.07317073170731708,1502.44,2854.64,2354.64,206.0,206.0,78.5,78.5,206.0,206.0
female,60.1,154.4,52,sedentary,lose,0,3,1,0.27022058823529405,0.12571428571428545,0.8292682926829269,1256.51,1507.81,1200.0,105.0,105.0,40.0,40.0,105.0,105.0
male,46.0,150.7,43,lightly_active,lose,1,1,1,0.011029411764705843,0.019999999999999574,0.6097560975609757,1183.72,1627.62,1200.0,105.0,105.0,40.0,40.0,105.0,105.0
female,79.8,161.8,29,very_active,lose,0,4,1,0.6323529411764705,0.3371428571428572,0.26829268292682934,1561.19,2693.05,2193.05,191.9,191.9,73.1,73.1,191.9,191.9
female,89.8,156.8,28,extra_active,maintain,0,0,2,0.8161764705882352,0.19428571428571484,0.2439024390243903,1642.5,3120.75,3120.75,234.1,234.1,104.0,104.0,312.1,312.1
male,78.4,166.1,54,lightly_active,gain,1,1,0,0.6066176470588237,0.45999999999999996,0.878048780487805,1629.24,2240.2,2540.2,190.5,190.5,70.6,70.6,285.8,285.8
female,66.2,178.4,42,moderately_active,lose,0,2,1,0.3823529411764707,0.8114285714285714,0.5853658536585367,1430.57,2217.38,1717.38,150.3,150.3,57.2,57.2,150.3,150.3
male,79.8,160.3,35,extra_active,lose,1,0,1,0.6323529411764705,0.2942857142857145,0.4146341463414634,1728.03,3283.26,2783.26,243.5,243.5,92.8,92.8,243.5,243.5
female,77.0,155.9,36,very_active,maintain,0,4,2,0.5808823529411765,0.16857142857142904,0.43902439024390244,1486.71,2564.57,2564.57,192.3,192.3,85.5,85.5,256.5,256.5
male,94.4,168.7,40,moderately_active,maintain,1,2,2,0.9007352941176471,0.5342857142857138,0.5365853658536586,1935.55,3000.1,3000.1,225.0,225.0,100.0,100.0,300.0,300.0
female,59.0,179.4,55,moderately_active,gain,0,2,0,0.2500000000000001,0.8399999999999999,0.902439024390244,1310.8,2031.74,2331.74,174.9,174.9,64.8,64.8,262.3,262.3
female,75.7,176.5,35,very_active,maintain,0,4,2,0.5569852941176471,0.7571428571428571,0.4146341463414634,1542.84,2661.4,2661.4,199.6,199.6,88.7,88.7,266.1,266.1
male,61.1,162.3,43,extra_active,gain,1,0,0,0.2886029411764707,0.3514285714285714,0.6097560975609757,1441.69,2739.21,3039.21,227.9,227.9,84.4,84.4,341.9,341.9
male,64.2,164.4,23,sedentary,lose,1,3,1,0.34558823529411764,0.4114285714285719,0.12195121951219517,1606.83,1928.2,1428.2,125.0,125.0,47.6,47.6,125.0,125.0
male,70.1,156.9,21,very_active,lose,1,4,1,0.45404411764705876,0.1971428571428575,0.07317073170731708,1661.24,2865.64,2365.64,207.0,207.0,78.9,78.9,207.0,207.0
male,79.9,160.1,46,very_active,gain,1,4,0,0.6341911764705884,0.28857142857142826,0.6829268292682928,1665.96,2873.78,3173.78,238.0,238.0,88.2,88.2,357.1,357.1
male,64.6,167.5,51,very_active,maintain,1,4,2,0.3529411764705882,0.5,0.8048780487804879,1468.11,2532.49,2532.49,189.9,189.9,84.4,84.4,253.2,253.2
male,61.1,159.9,34,moderately_active,gain,1,2,0,0.2886029411764707,0.2828571428571429,0.39024390243902446,1481.26,2295.95,2595.95,194.7,194.7,72.1,72.1,292.0,292.0
male,55.7,164.0,33,lightly_active,maintain,1,1,2,0.18933823529411764,0.40000000000000036,0.3658536585365854,1434.27,1972.12,1972.12,147.9,147.9,65.7,65.7,197.2,197.2
male,61.9,169.9,19,sedentary,lose,1,3,1,0.3033088235294118,0.5685714285714285,0.024390243902439046,1625.12,1950.14,1450.14,126.9,126.9,48.3,48.3,126.9,126.9
female,74.5,152.6,51,extra_active,maintain,0,0,2,0.5349264705882354,0.07428571428571384,0.8048780487804879,1388.42,2638.0,2638.0,197.8,197.8,87.9,87.9,263.8,263.8
female,54.6,167.4,25,extra_active,gain,0,0,0,0.16911764705882348,0.49714285714285733,0.17073170731707316,1362.83,2589.38,2889.38,216.7,216.7,80.3,80.3,325.1,325.1
male,49.4,179.2,30,lightly_active,gain,1,1,0,0.07352941176470584,0.8342857142857136,0.2926829268292683,1439.84,1979.78,2279.78,171.0,171.0,63.3,63.3,256.5,256.5
female,95.7,158.4,59,very_active,lose,0,4,1,0.9246323529411765,0.2400000000000002,1.0,1567.78,2704.42,2204.42,192.9,192.9,73.5,73.5,192.9,192.9
female,70.7,158.2,25,sedentary,maintain,0,3,2,0.46507352941176483,0.234285714285714,0.17073170731707316,1483.21,1779.85,1779.85,133.5,133.5,59.3,59.3,178.0,178.0
female,56.9,165.1,47,extra_active,maintain,0,0,2,0.21139705882352933,0.4314285714285715,0.7073170731707319,1281.72,2435.27,2435.27,182.6,182.6,81.2,81.2,243.5,243.5
female,90.3,164.3,49,extra_active,maintain,0,0,2,0.8253676470588235,0.40857142857142925,0.7560975609756098,1579.43,3000.92,3000.92,225.1,225.1,100.0,100.0,300.1,300.1
male,72.8,175.4,53,very_active,lose,1,4,1,0.5036764705882352,0.725714285714286,0.853658536585366,1604.53,2767.81,2267.81,198.4,198.4,75.6,75.6,198.4,198.4
female,45.7,179.4,47,lightly_active,maintain,0,1,2,0.005514705882353033,0.8399999999999999,0.7073170731707319,1222.45,1680.87,1680.87,126.1,126.1,56.0,56.0,168.1,168.1
male,93.8,176.1,18,sedentary,gain,1,3,0,0.8897058823529412,0.7457142857142856,0.0,2087.92,2505.5,2805.5,210.4,210.4,77.9,77.9,315.6,315.6
female,62.1,169.1,56,lightly_active,maintain,0,1,2,0.3069852941176471,0.5457142857142854,0.9268292682926831,1303.22,1791.93,1791.93,134.4,134.4,59.7,59.7,179.2,179.2
female,61.6,166.4,34,lightly_active,lose,0,1,1,0.29779411764705876,0.46857142857142886,0.39024390243902446,1385.5,1905.06,1405.06,122.9,122.9,46.8,46.8,122.9,122.9
female,72.2,184.2,37,sedentary,maintain,0,3,2,0.49264705882352955,0.9771428571428569,0.4634146341463415,1525.67,1830.8,1830.8,137.3,137.3,61.0,61.0,183.1,183.1
male,53.7,180.0,41,sedentary,maintain,1,3,2,0.15257352941176472,0.8571428571428568,0.5609756097560976,1438.84,1726.61,1726.61,129.5,129.5,57.6,57.6,172.7,172.7
female,83.0,167.3,39,extra_active,gain,0,0,0,0.6911764705882354,0.49428571428571466,0.5121951219512195,1564.52,2972.59,3272.59,245.4,245.4,90.9,90.9,368.2,368.2
male,76.5,184.5,46,extra_active,maintain,1,0,2,0.5716911764705882,0.9857142857142858,0.6829268292682928,1737.51,3301.27,3301.27,247.6,247.6,110.0,110.0,330.1,330.1
female,99.1,175.0,39,sedentary,gain,0,3,0,0.9871323529411763,0.7142857142857144,0.5121951219512195,1737.25,2084.7,2384.7,178.9,178.9,66.2,66.2,268.3,268.3
male,61.7,162.1,26,moderately_active,gain,1,2,0,0.2996323529411765,0.3457142857142852,0.1951219512195122,1545.27,2395.17,2695.17,202.1,202.1,74.9,74.9,303.2,303.2
female,80.2,178.7,54,extra_active,lose,0,0,1,0.6397058823529412,0.8199999999999994,0.878048780487805,1509.0,2867.1,2367.1,207.1,207.1,78.9,78.9,207.1,207.1
male,82.8,152.3,27,moderately_active,gain,1,2,0,0.6874999999999999,0.06571428571428584,0.21951219512195125,1775.24,2751.62,3051.62,228.9,228.9,84.8,84.8,343.3,343.3
male,65.8,176.4,53,sedentary,gain,1,3,0,0.3749999999999999,0.7542857142857144,0.853658536585366,1515.55,1818.66,2118.66,158.9,158.9,58.9,58.9,238.3,238.3
female,69.5,159.1,54,extra_active,lose,0,0,1,0.4430147058823529,0.2599999999999998,0.878048780487805,1349.33,2563.73,2063.73,180.6,180.6,68.8,68.8,180.6,180.6
male,60.8,157.4,45,lightly_active,gain,1,1,0,0.28308823529411764,0.21142857142857174,0.6585365853658538,1402.8,1928.85,2228.85,167.2,167.2,61.9,61.9,250.7,250.7
female,84.6,152.4,45,sedentary,lose,0,3,1,0.7205882352941176,0.0685714285714285,0.6585365853658538,1507.17,1808.6,1308.6,114.5,114.5,43.6,43.6,114.5,114.5
female,61.8,158.4,59,very_active,maintain,0,4,2,0.30147058823529405,0.2400000000000002,1.0,1254.31,2163.68,2163.68,162.3,162.3,72.1,72.1,216.4,216.4
female,61.2,165.0,38,moderately_active,lose,0,2,1,0.2904411764705882,0.4285714285714288,0.48780487804878053,1360.14,2108.22,1608.22,140.7,140.7,53.6,53.6,140.7,140.7
female,71.0,151.4,41,sedentary,gain,0,3,0,0.47058823529411764,0.040000000000000036,0.5609756097560976,1395.64,1674.77,1974.77,148.1,148.1,54.9,54.9,222.2,222.2
female,63.2,171.0,59,sedentary,lose,0,3,1,0.32720588235294124,0.5999999999999996,1.0,1306.29,1567.55,1200.0,105.0,105.0,40.0,40.0,105.0,105.0
female,65.5,157.1,57,extra_active,gain,0,0,0,0.3694852941176471,0.20285714285714285,0.9512195121951221,1293.16,2457.0,2757.0,206.8,206.8,76.6,76.6,310.2,310.2
female,54.2,183.6,19,extra_active,maintain,0,0,2,0.16176470588235303,0.96,0.024390243902439046,1435.3,2727.07,2727.07,204.5,204.5,90.9,90.9,272.7,272.7
female,52.1,163.4,25,extra_active,lose,0,0,1,0.12316176470588236,0.38285714285714256,0.17073170731707316,1327.32,2521.91,2021.91,176.9,176.9,67.4,67.4,176.9,176.9
female,85.0,163.6,44,very_active,maintain,0,4,2,0.7279411764705882,0.3885714285714288,0.6341463414634148,1549.9,2673.58,2673.58,200.5,200.5,89.1,89.1,267.4,267.4
female,62.8,164.9,39,extra_active,gain,0,0,0,0.31985294117647045,0.42571428571428616,0.5121951219512195,1370.29,2603.55,2903.55,217.8,217.8,80.7,80.7,326.6,326.6
female,76.2,161.9,54,sedentary,gain,0,3,0,0.5661764705882354,0.33999999999999986,0.878048780487805,1419.96,1703.95,2003.95,150.3,150.3,55.7,55.7,225.4,225.4
male,59.0,176.1,44,extra_active,maintain,1,0,2,0.2500000000000001,0.7457142857142856,0.6341463414634148,1474.1,2800.79,2800.79,210.1,210.1,93.4,93.4,280.1,280.1
male,62.6,167.1,46,lightly_active,lose,1,1,1,0.3161764705882354,0.48857142857142843,0.6829268292682928,1467.79,2018.21,1518.21,132.8,132.8,50.6,50.6,132.8,132.8
female,83.8,180.4,20,extra_active,lose,0,0,1,0.7058823529411765,0.8685714285714283,0.04878048780487804,1694.77,3220.06,2720.06,238.0,238.0,90.7,90.7,238.0,238.0
female,80.4,181.5,30,very_active,gain,0,4,0,0.6433823529411765,0.9000000000000004,0.2926829268292683,1623.44,2800.43,3100.43,232.5,232.5,86.1,86.1,348.8,348.8
female,82.1,167.5,27,lightly_active,maintain,0,1,2,0.6746323529411763,0.5,0.21951219512195125,1608.78,2212.07,2212.07,165.9,165.9,73.7,73.7,221.2,221.2
female,60.4,164.5,53,sedentary,maintain,0,3,2,0.2757352941176471,0.4142857142857146,0.853658536585366,1286.24,1543.49,1543.49,115.8,115.8,51.4,51.4,154.3,154.3
female,75.7,166.3,26,sedentary,lose,0,3,1,0.5569852941176471,0.4657142857142862,0.1951219512195122,1550.21,1860.25,1360.25,119.0,119.0,45.3,45.3,119.0,119.0
female,64.3,168.0,44,moderately_active,lose,0,2,1,0.34742647058823517,0.5142857142857142,0.6341463414634148,1372.12,2126.79,1626.79,142.3,142.3,54.2,54.2,142.3,142.3
female,75.3,151.3,51,lightly_active,lose,0,1,1,0.5496323529411765,0.037142857142857366,0.8048780487804879,1391.79,1913.71,1413.71,123.7,123.7,47.1,47.1,123.7,123.7
female,72.8,181.0,18,moderately_active,maintain,0,2,2,0.5036764705882352,0.8857142857142861,0.0,1603.57,2485.53,2485.53,186.4,186.4,82.9,82.9,248.6,248.6
male,51.2,152.8,49,lightly_active,lose,1,1,1,0.1066176470588236,0.08000000000000007,0.7560975609756098,1229.4,1690.43,1200.0,105.0,105.0,40.0,40.0,105.0,105.0
female,56.8,179.4,42,lightly_active,lose,0,1,1,0.2095588235294118,0.8399999999999999,0.5853658536585367,1346.74,1851.77,1351.77,118.3,118.3,45.1,45.1,118.3,118.3
male,54.0,176.4,46,very_active,gain,1,4,0,0.15808823529411764,0.7542857142857144,0.6829268292682928,1397.2,2410.17,2710.17,203.3,203.3,75.3,75.3,304.9,304.9
female,54.0,155.9,24,moderately_active,lose,0,2,1,0.15808823529411764,0.16857142857142904,0.14634146341463422,1325.99,2055.28,1555.28,136.1,136.1,51.8,51.8,136.1,136.1
female,66.5,159.7,20,very_active,lose,0,4,1,0.3878676470588235,0.2771428571428567,0.04878048780487804,1470.67,2536.91,2036.91,178.2,178.2,67.9,67.9,178.2,178.2
male,68.7,161.5,37,lightly_active,maintain,1,1,2,0.4283088235294118,0.3285714285714283,0.4634146341463415,1573.73,2163.88,2163.88,162.3,162.3,72.1,72.1,216.4,216.4
female,96.4,183.4,37,sedentary,maintain,0,3,2,0.9375000000000001,0.9542857142857146,0.4634146341463415,1746.97,2096.36,2096.36,157.2,157.2,69.9,69.9,209.6,209.6
male,57.7,161.1,47,lightly_active,gain,1,1,0,0.22610294117647067,0.3171428571428567,0.7073170731707319,1367.67,1880.55,2180.55,163.5,163.5,60.6,60.6,245.3,245.3
female,80.1,161.2,52,very_active,lose,0,4,1,0.6378676470588235,0.3199999999999994,0.8292682926829269,1462.52,2522.85,2022.85,177.0,177.0,67.4,67.4,177.0,177.0
female,91.3,156.9,52,moderately_active,gain,0,2,0,0.8437499999999999,0.1971428571428575,0.8292682926829269,1552.76,2406.78,2706.78,203.0,203.0,75.2,75.2,304.5,304.5
male,88.7,164.6,56,moderately_active,maintain,1,2,2,0.7959558823529412,0.41714285714285726,0.9268292682926831,1748.68,2710.45,2710.45,203.3,203.3,90.3,90.3,271.0,271.0
female,80.5,163.0,44,very_active,gain,0,4,0,0.645220588235294,0.371428571428571,0.6341463414634148,1506.43,2598.59,2898.59,217.4,217.4,80.5,80.5,326.1,326.1
male,83.2,165.3,43,moderately_active,maintain,1,2,2,0.6948529411764707,0.4371428571428577,0.6097560975609757,1752.16,2715.85,2715.85,203.7,203.7,90.5,90.5,271.6,271.6
female,71.7,163.8,31,extra_active,gain,0,0,0,0.48345588235294124,0.394285714285715,0.3170731707317073,1483.83,2819.28,3119.28,233.9,233.9,86.6,86.6,350.9,350.9
male,77.4,181.0,34,sedentary,gain,1,3,0,0.5882352941176471,0.8857142857142861,0.39024390243902446,1800.89,2161.07,2461.07,184.6,184.6,68.4,68.4,276.9,276.9
male,82.8,178.3,35,sedentary,lose,1,3,1,0.6874999999999999,0.8085714285714287,0.4146341463414634,1854.6,2225.52,1725.52,151.0,151.0,57.5,57.5,151.0,151.0
female,67.0,155.5,46,sedentary,gain,0,3,0,0.3970588235294118,0.15714285714285747,0.6829268292682928,1349.7,1619.64,1919.64,144.0,144.0,53.3,53.3,216.0,216.0
female,75.8,156.1,37,moderately_active,lose,0,2,1,0.5588235294117646,0.17428571428571438,0.4634146341463415,1471.9,2281.45,1781.45,155.9,155.9,59.4,59.4,155.9,155.9
male,61.3,165.8,44,moderately_active,lose,1,2,1,0.29227941176470573,0.45142857142857196,0.6341463414634148,1455.48,2255.99,1755.99,153.6,153.6,58.5,58.5,153.6,153.6
female,56.7,167.4,35,lightly_active,lose,0,1,1,0.20772058823529427,0.49714285714285733,0.4146341463414634,1338.95,1841.06,1341.06,117.3,117.3,44.7,44.7,117.3,117.3
female,66.4,166.0,21,lightly_active,lose,0,1,1,0.38602941176470595,0.4571428571428573,0.07317073170731708,1484.93,2041.78,1541.78,134.9,134.9,51.4,51.4,134.9,134.9
female,87.1,166.4,18,sedentary,gain,0,3,0,0.7665441176470588,0.46857142857142886,0.0,1690.57,2028.68,2328.68,174.7,174.7,64.7,64.7,262.0,262.0
male,64.8,181.8,18,extra_active,maintain,1,0,2,0.3566176470588235,0.9085714285714293,0.0,1726.76,3280.84,3280.84,246.1,246.1,109.4,109.4,328.1,328.1
male,78.0,168.3,43,lightly_active,maintain,1,1,2,0.5992647058823529,0.5228571428571431,0.6097560975609757,1696.89,2333.22,2333.22,175.0,175.0,77.8,77.8,233.3,233.3
male,78.9,179.0,37,lightly_active,maintain,1,1,2,0.6158088235294118,0.8285714285714283,0.4634146341463415,1794.36,2467.24,2467.24,185.0,185.0,82.2,82.2,246.7,246.7
male,72.3,156.4,40,moderately_active,gain,1,2,0,0.4944852941176471,0.18285714285714327,0.5365853658536586,1580.45,2449.7,2749.7,206.2,206.2,76.4,76.4,309.3,309.3
male,48.0,171.5,27,extra_active,lose,1,0,1,0.047794117647058765,0.6142857142857139,0.21951219512195125,1401.17,2662.22,2162.22,189.2,189.2,72.1,72.1,189.2,189.2
male,79.0,157.4,28,sedentary,maintain,1,3,2,0.6176470588235293,0.21142857142857174,0.2439024390243903,1743.13,2091.76,2091.76,156.9,156.9,69.7,69.7,209.2,209.2
male,65.9,162.0,58,lightly_active,gain,1,1,0,0.37683823529411786,0.3428571428571425,0.9756097560975612,1419.4,1951.68,2251.68,168.9,168.9,62.5,62.5,253.3,253.3
male,64.2,178.2,58,extra_active,lose,1,0,1,0.34558823529411764,0.8057142857142852,0.9756097560975612,1474.37,2801.3,2301.3,201.4,201.4,76.7,76.7,201.4,201.4
male,68.7,184.8,22,extra_active,maintain,1,0,2,0.4283088235294118,0.9942857142857147,0.09756097560975613,1770.7,3364.33,3364.33,252.3,252.3,112.1,112.1,336.4,336.4
female,78.0,157.5,18,sedentary,lose,0,3,1,0.5992647058823529,0.2142857142857144,0.0,1578.85,1894.62,1394.62,122.0,122.0,46.5,46.5,122.0,122.0
male,58.9,170.0,34,extra_active,maintain,1,0,2,0.24816176470588236,0.5714285714285712,0.39024390243902446,1500.26,2850.49,2850.49,213.8,213.8,95.0,95.0,285.0,285.0
female,72.1,180.0,39,extra_active,maintain,0,0,2,0.4908088235294116,0.8571428571428568,0.5121951219512195,1503.07,2855.83,2855.83,214.2,214.2,95.2,95.2,285.6,285.6
female,69.7,165.1,51,extra_active,maintain,0,0,2,0.4466911764705882,0.4314285714285715,0.8048780487804879,1382.76,2627.24,2627.24,197.0,197.0,87.6,87.6,262.7,262.7
female,55.7,173.9,58,lightly_active,lose,0,1,1,0.18933823529411764,0.6828571428571433,0.9756097560975612,1250.25,1719.09,1219.09,106.7,106.7,40.6,40.6,106.7,106.7
male,95.1,156.9,46,sedentary,gain,1,3,0,0.9136029411764705,0.1971428571428575,0.6829268292682928,1854.24,2225.09,2525.09,189.4,189.4,70.1,70.1,284.1,284.1
male,81.7,153.1,21,extra_active,lose,1,0,1,0.667279411764706,0.08857142857142808,0.07317073170731708,1798.41,3416.98,2916.98,255.2,255.2,97.2,97.2,255.2,255.2
male,85.6,164.7,22,extra_active,maintain,1,0,2,0.738970588235294,0.41999999999999993,0.09756097560975613,1900.65,3611.24,3611.24,270.8,270.8,120.4,120.4,361.1,361.1
male,79.0,168.9,28,lightly_active,lose,1,1,1,0.6176470588235293,0.54,0.2439024390243903,1798.32,2472.69,1972.69,172.6,172.6,65.8,65.8,172.6,172.6
female,77.4,179.6,38,sedentary,gain,0,3,0,0.5882352941176471,0.8457142857142852,0.48780487804878053,1555.17,1866.2,2166.2,162.5,162.5,60.2,60.2,243.7,243.7
male,58.9,173.9,52,moderately_active,lose,1,2,1,0.24816176470588236,0.6828571428571433,0.8292682926829269,1416.79,2196.02,1696.02,148.4,148.4,56.5,56.5,148.4,148.4
male,78.5,151.4,29,lightly_active,gain,1,1,0,0.6084558823529412,0.040000000000000036,0.26829268292682934,1701.96,2340.2,2640.2,198.0,198.0,73.3,73.3,297.0,297.0
male,81.4,158.2,43,sedentary,gain,1,3,0,0.6617647058823531,0.234285714285714,0.6097560975609757,1693.97,2032.76,2332.76,175.0,175.0,64.8,64.8,262.4,262.4
male,88.5,160.9,36,extra_active,lose,1,0,1,0.792279411764706,0.3114285714285714,0.43902439024390244,1841.78,3499.38,2999.38,262.4,262.4,100.0,100.0,262.4,262.4
male,69.7,178.6,24,sedentary,maintain,1,3,2,0.4466911764705882,0.8171428571428567,0.14634146341463422,1742.99,2091.59,2091.59,156.9,156.9,69.7,69.7,209.2,209.2
female,60.7,165.1,24,sedentary,gain,0,3,0,0.2812500000000001,0.4314285714285715,0.14634146341463422,1416.45,1699.74,1999.74,150.0,150.0,55.5,55.5,225.0,225.0
male,67.8,157.3,43,sedentary,lose,1,3,1,0.4117647058823529,0.20857142857142907,0.6097560975609757,1507.45,1808.94,1308.94,114.5,114.5,43.6,43.6,114.5,114.5
female,71.3,169.2,57,moderately_active,gain,0,2,0,0.47610294117647045,0.548571428571428,0.9512195121951221,1384.28,2145.63,2445.63,183.4,183.4,67.9,67.9,275.1,275.1
male,79.9,169.8,22,sedentary,maintain,1,3,2,0.6341911764705884,0.5657142857142858,0.09756097560975613,1848.76,2218.51,2218.51,166.4,166.4,74.0,74.0,221.9,221.9
female,46.2,163.7,38,moderately_active,lose,0,2,1,0.014705882352941235,0.39142857142857146,0.48780487804878053,1217.41,1886.99,1386.99,121.4,121.4,46.2,46.2,121.4,121.4
male,78.0,163.8,31,extra_active,lose,1,0,1,0.5992647058823529,0.394285714285715,0.3170731707317073,1743.42,3312.5,2812.5,246.1,246.1,93.8,93.8,246.1,246.1
male,99.4,181.9,21,moderately_active,lose,1,2,1,0.9926470588235295,0.9114285714285719,0.07317073170731708,2173.74,3369.3,2869.3,251.1,251.1,95.6,95.6,251.1,251.1
female,82.3,159.7,40,extra_active,maintain,0,0,2,0.6783088235294118,0.2771428571428567,0.5365853658536586,1530.17,2907.32,2907.32,218.0,218.0,96.9,96.9,290.7,290.7
female,74.7,169.2,59,extra_active,gain,0,0,0,0.5386029411764707,0.548571428571428,1.0,1407.06,2673.41,2973.41,223.0,223.0,82.6,82.6,334.5,334.5
female,59.6,171.2,37,moderately_active,lose,0,2,1,0.26102941176470595,0.605714285714285,0.4634146341463415,1368.88,2121.76,1621.76,141.9,141.9,54.1,54.1,141.9,141.9
male,61.9,178.1,32,lightly_active,gain,1,1,0,0.3033088235294118,0.8028571428571425,0.34146341463414637,1590.67,2187.17,2487.17,186.5,186.5,69.1,69.1,279.8,279.8
female,78.3,157.7,46,very_active,gain,0,4,0,0.604779411764706,0.21999999999999975,0.6829268292682928,1461.01,2520.24,2820.24,211.5,211.5,78.3,78.3,317.3,317.3
male,65.3,174.8,25,sedentary,maintain,1,3,2,0.3658088235294118,0.7085714285714291,0.17073170731707316,1660.13,1992.16,1992.16,149.4,149.4,66.4,66.4,199.2,199.2
male,63.4,150.6,58,very_active,lose,1,4,1,0.3308823529411765,0.017142857142856904,0.9756097560975612,1331.2,2296.32,1796.32,157.2,157.2,59.9,59.9,157.2,157.2
female,67.8,157.8,36,sedentary,gain,0,3,0,0.4117647058823529,0.2228571428571433,0.43902439024390244,1407.52,1689.02,1989.02,149.2,149.2,55.3,55.3,223.8,223.8
female,62.8,177.4,56,sedentary,lose,0,3,1,0.31985294117647045,0.7828571428571429,0.9268292682926831,1335.41,1602.49,1200.0,105.0,105.0,40.0,40.0,105.0,105.0
male,84.2,160.1,45,extra_active,lose,1,0,1,0.7132352941176471,0.28857142857142826,0.6585365853658538,1729.24,3285.56,2785.56,243.7,243.7,92.9,92.9,243.7,243.7
male,70.3,175.5,44,sedentary,maintain,1,3,2,0.45772058823529405,0.7285714285714286,0.6341463414634148,1622.61,1947.13,1947.13,146.0,146.0,64.9,64.9,194.7,194.7
female,55.4,159.2,21,sedentary,lose,0,3,1,0.1838235294117646,0.26285714285714246,0.07317073170731708,1362.15,1634.58,1200.0,105.0,105.0,40.0,40.0,105.0,105.0
female,70.4,179.9,32,moderately_active,lose,0,2,1,0.4595588235294118,0.8542857142857141,0.34146341463414637,1517.35,2351.89,1851.89,162.0,162.0,61.7,61.7,162.0,162.0
female,99.2,168.0,52,very_active,gain,0,4,0,0.9889705882352943,0.5142857142857142,0.8292682926829269,1660.2,2863.85,3163.85,237.3,237.3,87.9,87.9,355.9,355.9
male,76.2,152.3,54,moderately_active,maintain,1,2,2,0.5661764705882354,0.06571428571428584,0.878048780487805,1533.54,2376.99,2376.99,178.3,178.3,79.2,79.2,237.7,237.7
male,49.3,172.0,18,sedentary,lose,1,3,1,0.0716911764705882,0.6285714285714281,0.0,1472.08,1766.5,1266.5,110.8,110.8,42.2,42.2,110.8,110.8
male,75.4,176.1,20,extra_active,gain,1,0,0,0.5514705882352943,0.7457142857142856,0.04878048780487804,1830.06,3477.11,3777.11,283.3,283.3,104.9,104.9,424.9,424.9
male,66.7,161.6,41,moderately_active,maintain,1,2,2,0.391544117647059,0.33142857142857096,0.5609756097560976,1524.7,2363.29,2363.29,177.2,177.2,78.8,78.8,236.3,236.3
male,83.5,174.5,44,moderately_active,maintain,1,2,2,0.7003676470588235,0.7000000000000002,0.6341463414634148,1794.65,2781.71,2781.71,208.6,208.6,92.7,92.7,278.2,278.2
male,66.6,174.0,57,lightly_active,gain,1,1,0,0.389705882352941,0.6857142857142859,0.9512195121951221,1492.04,2051.55,2351.55,176.4,176.4,65.3,65.3,264.5,264.5
female,62.7,174.0,53,sedentary,gain,0,3,0,0.3180147058823529,0.6857142857142859,0.853658536585366,1336.94,1604.33,1904.33,142.8,142.8,52.9,52.9,214.2,214.2
male,82.3,155.8,51,extra_active,gain,1,0,0,0.6783088235294118,0.16571428571428637,0.8048780487804879,1649.09,3133.27,3433.27,257.5,257.5,95.4,95.4,386.2,386.2
male,96.8,169.2,46,moderately_active,gain,1,2,0,0.9448529411764707,0.548571428571428,0.6829268292682928,1936.04,3000.86,3300.86,247.6,247.6,91.7,91.7,371.3,371.3
male,82.5,157.8,41,moderately_active,gain,1,2,0,0.6819852941176471,0.2228571428571433,0.5609756097560976,1718.14,2663.12,2963.12,222.2,222.2,82.3,82.3,333.4,333.4
female,72.5,166.7,41,extra_active,lose,0,0,1,0.49816176470588236,0.47714285714285687,0.5609756097560976,1456.91,2768.13,2268.13,198.5,198.5,75.6,75.6,198.5,198.5
male,67.6,156.8,59,sedentary,lose,1,3,1,0.40808823529411764,0.19428571428571484,1.0,1411.54,1693.85,1200.0,105.0,105.0,40.0,40.0,105.0,105.0
male,89.6,160.8,21,lightly_active,maintain,1,1,2,0.8124999999999999,0.3085714285714287,0.07317073170731708,1941.2,2669.15,2669.15,200.2,200.2,89.0,89.0,266.9,266.9
female,73.3,153.1,20,moderately_active,lose,0,2,1,0.5128676470588235,0.08857142857142808,0.04878048780487804,1513.1,2345.3,1845.3,161.5,161.5,61.5,61.5,161.5,161.5
male,47.7,161.1,51,lightly_active,lose,1,1,1,0.042279411764705954,0.3171428571428567,0.8048780487804879,1210.99,1665.11,1200.0,105.0,105.0,40.0,40.0,105.0,105.0
male,68.3,160.8,40,very_active,lose,1,4,1,0.42095588235294124,0.3085714285714287,0.5365853658536586,1547.98,2670.27,2170.27,189.9,189.9,72.3,72.3,189.9,189.9
male,77.8,179.6,40,sedentary,gain,1,3,0,0.5955882352941176,0.8457142857142852,0.5365853658536586,1765.47,2118.56,2418.56,181.4,181.4,67.2,67.2,272.1,272.1
male,69.8,177.7,22,very_active,maintain,1,4,2,0.44852941176470573,0.7914285714285709,0.09756097560975613,1751.36,3021.1,3021.1,226.6,226.6,100.7,100.7,302.1,302.1
male,46.8,158.8,48,very_active,maintain,1,4,2,0.025735294117646967,0.2514285714285718,0.7317073170731709,1204.93,2078.5,2078.5,155.9,155.9,69.3,69.3,207.9,207.9
female,79.9,156.0,58,very_active,maintain,0,4,2,0.6341911764705884,0.1714285714285717,0.9756097560975612,1418.58,2447.05,2447.05,183.5,183.5,81.6,81.6,244.7,244.7
female,68.0,155.2,23,sedentary,maintain,0,3,2,0.4154411764705882,0.14857142857142858,0.12195121951219517,1457.61,1749.13,1749.13,131.2,131.2,58.3,58.3,174.9,174.9
female,83.8,163.7,54,sedentary,lose,0,3,1,0.7058823529411765,0.39142857142857146,0.878048780487805,1495.81,1794.97,1294.97,113.3,113.3,43.2,43.2,113.3,113.3
male,75.0,168.2,27,extra_active,lose,1,0,1,0.5441176470588235,0.5199999999999996,0.21951219512195125,1747.05,3319.39,2819.39,246.7,246.7,94.0,94.0,246.7,246.7
male,76.7,156.8,57,lightly_active,gain,1,1,0,0.5753676470588237,0.19428571428571484,0.9512195121951221,1544.81,2124.11,2424.11,181.8,181.8,67.3,67.3,272.7,272.7
male,75.3,162.2,24,lightly_active,maintain,1,1,2,0.5496323529411765,0.34857142857142787,0.14634146341463422,1739.31,2391.55,2391.55,179.4,179.4,79.7,79.7,239.2,239.2
female,46.0,165.5,56,extra_active,lose,0,0,1,0.011029411764705843,0.44285714285714306,0.9268292682926831,1143.19,2172.06,1672.06,146.3,146.3,55.7,55.7,146.3,146.3
male,70.1,161.2,55,extra_active,lose,1,0,1,0.45404411764705876,0.3199999999999994,0.902439024390244,1488.86,2828.83,2328.83,203.8,203.8,77.6,77.6,203.8,203.8
male,57.9,178.4,38,very_active,gain,1,4,0,0.22977941176470595,0.8114285714285714,0.48780487804878053,1504.46,2595.19,2895.19,217.1,217.1,80.4,80.4,325.7,325.7
female,57.9,185.0,37,extra_active,gain,0,0,0,0.22977941176470595,1.0,0.4634146341463415,1395.91,2652.23,2952.23,221.4,221.4,82.0,82.0,332.1,332.1
male,99.5,152.8,20,moderately_active,gain,1,2,0,0.9944852941176471,0.08000000000000007,0.04878048780487804,2041.11,3163.72,3463.72,259.8,259.8,96.2,96.2,389.7,389.7
female,72.3,176.1,39,lightly_active,lose,0,1,1,0.4944852941176471,0.7457142857142856,0.5121951219512195,1492.84,2052.65,1552.65,135.9,135.9,51.8,51.8,135.9,135.9
female,62.8,170.5,21,extra_active,lose,0,0,1,0.31985294117647045,0.5857142857142854,0.07317073170731708,1465.58,2784.6,2284.6,199.9,199.9,76.2,76.2,199.9,199.9
female,55.9,159.8,45,moderately_active,gain,0,2,0,0.19301470588235292,0.28000000000000025,0.6585365853658538,1264.71,1960.3,2260.3,169.5,169.5,62.8,62.8,254.3,254.3
male,84.9,179.6,29,moderately_active,maintain,1,2,2,0.7261029411764707,0.8457142857142852,0.26829268292682934,1923.03,2980.7,2980.7,223.6,223.6,99.4,99.4,298.1,298.1
male,89.2,163.0,55,moderately_active,gain,1,2,0,0.8051470588235295,0.371428571428571,0.902439024390244,1753.38,2717.74,3017.74,226.3,226.3,83.8,83.8,339.5,339.5
male,63.1,167.6,53,moderately_active,gain,1,2,0,0.3253676470588235,0.5028571428571427,0.853658536585366,1437.14,2227.57,2527.57,189.6,189.6,70.2,70.2,284.4,284.4
male,76.2,162.5,58,very_active,gain,1,4,0,0.5661764705882354,0.35714285714285676,0.9756097560975612,1559.78,2690.62,2990.62,224.3,224.3,83.1,83.1,336.4,336.4
male,76.8,161.4,22,moderately_active,gain,1,2,0,0.5772058823529412,0.3257142857142856,0.09756097560975613,1766.92,2738.73,3038.73,227.9,227.9,84.4,84.4,341.9,341.9
male,72.7,174.3,30,very_active,lose,1,4,1,0.5018382352941176,0.6942857142857148,0.2926829268292683,1728.48,2981.63,2481.63,217.1,217.1,82.7,82.7,217.1,217.1
male,53.8,154.0,40,very_active,maintain,1,4,2,0.15441176470588225,0.11428571428571388,0.5365853658536586,1321.09,2278.88,2278.88,170.9,170.9,76.0,76.0,227.9,227.9
female,92.4,164.6,47,moderately_active,gain,0,2,0,0.8639705882352943,0.41714285714285726,0.7073170731707319,1608.44,2493.08,2793.08,209.5,209.5,77.6,77.6,314.2,314.2
male,72.2,150.8,54,lightly_active,maintain,1,1,2,0.49264705882352955,0.02285714285714313,0.878048780487805,1472.76,2025.05,2025.05,151.9,151.9,67.5,67.5,202.5,202.5
female,71.2,168.4,42,moderately_active,maintain,0,2,2,0.4742647058823529,0.5257142857142858,0.5853658536585367,1445.82,2241.02,2241.02,168.1,168.1,74.7,74.7,224.1,224.1
male,55.9,160.9,44,moderately_active,maintain,1,2,2,0.19301470588235292,0.3114285714285714,0.6341463414634148,1359.63,2107.43,2107.43,158.1,158.1,70.2,70.2,210.7,210.7
male,83.0,154.6,31,moderately_active,gain,1,2,0,0.6911764705882354,0.13142857142857167,0.3170731707317073,1766.25,2737.69,3037.69,227.8,227.8,84.4,84.4,341.7,341.7
male,63.2,169.3,53,lightly_active,lose,1,1,1,0.32720588235294124,0.5514285714285716,0.853658536585366,1446.64,1989.13,1489.13,130.3,130.3,49.6,49.6,130.3,130.3
female,62.3,168.2,56,sedentary,gain,0,3,0,0.31066176470588236,0.5199999999999996,0.9268292682926831,1302.28,1562.74,1862.74,139.7,139.7,51.7,51.7,209.6,209.6
female,88.4,173.0,33,sedentary,maintain,0,3,2,0.7904411764705884,0.6571428571428575,0.3658536585365854,1658.09,1989.71,1989.71,149.2,149.2,66.3,66.3,199.0,199.0
female,80.9,160.7,39,very_active,maintain,0,4,2,0.6525735294117648,0.30571428571428516,0.5121951219512195,1524.65,2630.02,2630.02,197.3,197.3,87.7,87.7,263.0,263.0
female,92.9,167.4,38,very_active,lose,0,4,1,0.8731617647058826,0.49714285714285733,0.48780487804878053,1660.7,2864.71,2364.71,206.9,206.9,78.8,78.8,206.9,206.9
male,61.3,166.5,38,lightly_active,gain,1,1,0,0.29227941176470573,0.47142857142857153,0.48780487804878053,1492.91,2052.75,2352.75,176.5,176.5,65.4,65.4,264.7,264.7
female,90.8,165.8,25,extra_active,maintain,0,0,2,0.8345588235294118,0.45142857142857196,0.17073170731707316,1692.62,3215.98,3215.98,241.2,241.2,107.2,107.2,321.6,321.6
male,64.1,181.8,33,sedentary,lose,1,3,1,0.3437499999999999,0.9085714285714293,0.3658536585365854,1632.23,1958.68,1458.68,127.6,127.6,48.6,48.6,127.6,127.6
male,61.4,165.9,48,very_active,maintain,1,4,2,0.2941176470588235,0.4542857142857146,0.7317073170731709,1434.6,2474.68,2474.68,185.6,185.6,82.5,82.5,247.5,247.5
female,62.4,155.5,59,sedentary,lose,0,3,1,0.3124999999999999,0.15714285714285747,1.0,1250.87,1501.04,1200.0,105.0,105.0,40.0,40.0,105.0,105.0
female,91.7,167.5,27,lightly_active,lose,0,1,1,0.8511029411764707,0.5,0.21951219512195125,1697.55,2334.13,1834.13,160.5,160.5,61.1,61.1,160.5,160.5
female,84.9,171.5,49,lightly_active,gain,0,1,0,0.7261029411764707,0.6142857142857139,0.7560975609756098,1551.8,2133.72,2433.72,182.5,182.5,67.6,67.6,273.8,273.8
female,46.2,153.0,51,extra_active,maintain,0,0,2,0.014705882352941235,0.08571428571428541,0.8048780487804879,1127.97,2143.14,2143.14,160.7,160.7,71.4,71.4,214.3,214.3
female,71.1,159.3,26,extra_active,gain,0,0,0,0.47242647058823517,0.265714285714286,0.1951219512195122,1485.99,2823.38,3123.38,234.3,234.3,86.8,86.8,351.4,351.4
female,94.5,169.6,34,lightly_active,maintain,0,1,2,0.9025735294117648,0.5599999999999996,0.39024390243902446,1699.64,2337.01,2337.01,175.3,175.3,77.9,77.9,233.7,233.7
female,79.6,178.2,28,very_active,gain,0,4,0,0.6286764705882352,0.8057142857142852,0.2439024390243903,1614.48,2784.98,3084.98,231.4,231.4,85.7,85.7,347.1,347.1
female,91.7,172.4,49,sedentary,maintain,0,3,2,0.8511029411764707,0.6400000000000006,0.7560975609756098,1617.47,1940.96,1940.96,145.6,145.6,64.7,64.7,194.1,194.1
male,74.8,161.8,27,moderately_active,gain,1,2,0,0.5404411764705882,0.3371428571428572,0.21951219512195125,1713.66,2656.17,2956.17,221.7,221.7,82.1,82.1,332.6,332.6
female,52.4,178.2,39,extra_active,lose,0,0,1,0.12867647058823528,0.8057142857142852,0.5121951219512195,1315.33,2499.13,1999.13,174.9,174.9,66.6,66.6,174.9,174.9
female,75.8,155.7,34,moderately_active,maintain,0,2,2,0.5588235294117646,0.1628571428571428,0.39024390243902446,1483.65,2299.66,2299.66,172.5,172.5,76.7,76.7,230.0,230.0
male,76.1,154.1,21,very_active,maintain,1,4,2,0.5643382352941176,0.11714285714285655,0.07317073170731708,1728.18,2981.11,2981.11,223.6,223.6,99.4,99.4,298.1,298.1
female,75.8,165.2,42,extra_active,lose,0,0,1,0.5588235294117646,0.43428571428571416,0.5853658536585367,1478.45,2809.05,2309.05,202.0,202.0,77.0,77.0,202.0,202.0
male,77.6,157.7,38,moderately_active,gain,1,2,0,0.5919117647058824,0.21999999999999975,0.48780487804878053,1669.05,2587.03,2887.03,216.5,216.5,80.2,80.2,324.8,324.8
male,65.4,160.2,54,very_active,maintain,1,4,2,0.36764705882352955,0.2914285714285709,0.878048780487805,1426.77,2461.18,2461.18,184.6,184.6,82.0,82.0,246.1,246.1
female,70.0,159.8,55,sedentary,maintain,0,3,2,0.45220588235294124,0.28000000000000025,0.902439024390244,1351.79,1622.15,1622.15,121.7,121.7,54.1,54.1,162.2,162.2
male,72.3,161.5,18,very_active,gain,1,4,0,0.4944852941176471,0.3285714285714283,0.0,1729.82,2983.94,3283.94,246.3,246.3,91.2,91.2,369.4,369.4
male,79.5,161.7,42,extra_active,lose,1,0,1,0.6268382352941176,0.33428571428571363,0.5853658536585367,1690.99,3212.88,2712.88,237.4,237.4,90.4,90.4,237.4,237.4
male,95.8,161.4,53,lightly_active,gain,1,1,0,0.926470588235294,0.3257142857142856,0.853658536585366,1845.47,2537.52,2837.52,212.8,212.8,78.8,78.8,319.2,319.2
male,69.7,167.1,34,sedentary,gain,1,3,0,0.4466911764705882,0.48857142857142843,0.39024390243902446,1631.03,1957.24,2257.24,169.3,169.3,62.7,62.7,253.9,253.9
female,76.9,166.5,58,moderately_active,gain,0,2,0,0.579044117647059,0.47142857142857153,0.9756097560975612,1423.36,2206.21,2506.21,188.0,188.0,69.6,69.6,281.9,281.9
male,97.3,166.2,41,extra_active,maintain,1,0,2,0.9540441176470588,0.46285714285714263,0.5609756097560976,1956.73,3717.79,3717.79,278.8,278.8,123.9,123.9,371.8,371.8
female,49.7,182.7,19,lightly_active,lose,0,1,1,0.07904411764705888,0.9342857142857142,0.024390243902439046,1390.9,1912.49,1412.49,123.6,123.6,47.1,47.1,123.6,123.6
male,50.0,166.2,57,very_active,lose,1,4,1,0.0845588235294118,0.46285714285714263,0.9512195121951221,1232.22,2125.58,1625.58,142.2,142.2,54.2,54.2,142.2,142.2
male,72.4,154.0,32,lightly_active,gain,1,1,0,0.49632352941176483,0.11428571428571388,0.34146341463414637,1615.69,2221.57,2521.57,189.1,189.1,70.0,70.0,283.7,283.7
male,62.2,152.2,49,extra_active,maintain,1,0,2,0.30882352941176483,0.06285714285714228,0.7560975609756098,1373.89,2610.39,2610.39,195.8,195.8,87.0,87.0,261.0,261.0
male,53.0,167.1,56,extra_active,gain,1,0,0,0.13970588235294112,0.48857142857142843,0.9268292682926831,1282.4,2436.56,2736.56,205.2,205.2,76.0,76.0,307.9,307.9
female,79.0,158.8,23,lightly_active,maintain,0,1,2,0.6176470588235293,0.2514285714285718,0.12195121951219517,1570.48,2159.41,2159.41,162.0,162.0,72.0,72.0,215.9,215.9
female,95.2,161.6,18,very_active,maintain,0,4,2,0.9154411764705882,0.33142857142857096,0.0,1750.6,3019.78,3019.78,226.5,226.5,100.7,100.7,302.0,302.0
male,90.5,172.2,40,lightly_active,maintain,1,1,2,0.8290441176470588,0.6342857142857143,0.5365853658536586,1900.1,2612.64,2612.64,195.9,195.9,87.1,87.1,261.3,261.3
male,55.8,151.2,56,extra_active,maintain,1,0,2,0.19117647058823517,0.03428571428571381,0.9268292682926831,1243.61,2362.86,2362.86,177.2,177.2,78.8,78.8,236.3,236.3
female,76.9,167.7,34,extra_active,lose,0,0,1,0.579044117647059,0.5057142857142853,0.39024390243902446,1531.0,2908.9,2408.9,210.8,210.8,80.3,80.3,210.8,210.8
male,66.2,182.7,51,moderately_active,maintain,1,2,2,0.3823529411764707,0.9342857142857142,0.8048780487804879,1562.49,2421.86,2421.86,181.6,181.6,80.7,80.7,242.2,242.2
male,63.2,160.2,58,moderately_active,maintain,1,2,2,0.32720588235294124,0.2914285714285709,0.9756097560975612,1374.59,2130.61,2130.61,159.8,159.8,71.0,71.0,213.1,213.1
male,56.5,162.5,46,sedentary,gain,1,3,0,0.20404411764705876,0.35714285714285676,0.6829268292682928,1363.99,1636.79,1936.79,145.3,145.3,53.8,53.8,217.9,217.9
female,80.6,168.5,26,extra_active,gain,0,0,0,0.6470588235294116,0.5285714285714285,0.1951219512195122,1602.33,3044.43,3344.43,250.8,250.8,92.9,92.9,376.2,376.2
female,89.3,150.4,30,moderately_active,lose,0,2,1,0.8069852941176471,0.011428571428571566,0.2926829268292683,1609.39,2494.55,1994.55,174.5,174.5,66.5,66.5,174.5,174.5
female,64.2,182.5,23,lightly_active,gain,0,1,0,0.34558823529411764,0.9285714285714288,0.12195121951219517,1507.05,2072.19,2372.19,177.9,177.9,65.9,65.9,266.9,266.9
male,69.0,163.8,23,very_active,maintain,1,4,2,0.4338235294117646,0.394285714285715,0.12195121951219517,1668.26,2877.75,2877.75,215.8,215.8,95.9,95.9,287.8,287.8
male,92.0,164.5,37,lightly_active,gain,1,1,0,0.8566176470588235,0.4142857142857146,0.4634146341463415,1900.27,2612.87,2912.87,218.5,218.5,80.9,80.9,327.7,327.7
female,60.0,184.1,20,very_active,lose,0,4,1,0.2683823529411765,0.9742857142857142,0.04878048780487804,1486.15,2563.61,2063.61,180.6,180.6,68.8,68.8,180.6,180.6
female,93.1,174.0,34,moderately_active,gain,0,2,0,0.8768382352941176,0.6857142857142859,0.39024390243902446,1700.32,2635.5,2935.5,220.2,220.2,81.5,81.5,330.2,330.2
female,60.7,156.0,29,sedentary,gain,0,3,0,0.2812500000000001,0.1714285714285717,0.26829268292682934,1366.6,1639.92,1939.92,145.5,145.5,53.9,53.9,218.2,218.2
female,46.6,161.3,18,lightly_active,lose,0,1,1,0.022058823529411797,0.32285714285714295,0.0,1300.27,1787.87,1287.87,112.7,112.7,42.9,42.9,112.7,112.7
male,64.2,166.1,34,lightly_active,lose,1,1,1,0.34558823529411764,0.45999999999999996,0.39024390243902446,1552.55,2134.76,1634.76,143.0,143.0,54.5,54.5,143.0,143.0
female,61.7,155.6,20,lightly_active,maintain,0,1,2,0.2996323529411765,0.16000000000000014,0.04878048780487804,1413.58,1943.67,1943.67,145.8,145.8,64.8,64.8,194.4,194.4
male,65.3,178.3,43,very_active,gain,1,4,0,0.3658088235294118,0.8085714285714287,0.6097560975609757,1574.74,2716.43,3016.43,226.2,226.2,83.8,83.8,339.3,339.3
female,84.5,169.1,32,moderately_active,maintain,0,2,2,0.7187500000000001,0.5457142857142854,0.34146341463414637,1614.28,2502.13,2502.13,187.7,187.7,83.4,83.4,250.2,250.2
male,50.7,150.2,53,lightly_active,gain,1,1,0,0.09742647058823539,0.005714285714285339,0.853658536585366,1187.52,1632.84,1932.84,145.0,145.0,53.7,53.7,217.4,217.4
female,83.9,170.0,49,lightly_active,gain,0,1,0,0.7077205882352943,0.5714285714285712,0.7560975609756098,1537.91,2114.63,2414.63,181.1,181.1,67.1,67.1,271.6,271.6
female,86.2,163.5,49,sedentary,maintain,0,3,2,0.7500000000000001,0.3857142857142861,0.7560975609756098,1539.04,1846.85,1846.85,138.5,138.5,61.6,61.6,184.7,184.7
female,79.4,174.1,21,sedentary,gain,0,3,0,0.6250000000000001,0.6885714285714286,0.07317073170731708,1630.24,1956.29,2256.29,169.2,169.2,62.7,62.7,253.8,253.8
female,67.4,171.6,35,moderately_active,gain,0,2,0,0.40441176470588236,0.6171428571428565,0.4146341463414634,1450.91,2248.91,2548.91,191.2,191.2,70.8,70.8,286.8,286.8
male,45.4,150.3,36,moderately_active,gain,1,2,0,0.0,0.008571428571428896,0.43902439024390244,1213.5,1880.92,2180.92,163.6,163.6,60.6,60.6,245.4,245.4
female,58.1,175.2,52,extra_active,lose,0,0,1,0.23345588235294124,0.7199999999999998,0.8292682926829269,1302.45,2474.65,1974.65,172.8,172.8,65.8,65.8,172.8,172.8
male,95.9,166.7,57,sedentary,maintain,1,3,2,0.9283088235294118,0.47714285714285687,0.9512195121951221,1849.54,2219.45,2219.45,166.5,166.5,74.0,74.0,221.9,221.9
male,81.3,164.8,31,extra_active,lose,1,0,1,0.6599264705882352,0.4228571428571435,0.3170731707317073,1792.43,3405.62,2905.62,254.2,254.2,96.9,96.9,254.2,254.2
male,59.0,152.9,50,very_active,maintain,1,4,2,0.2500000000000001,0.08285714285714274,0.7804878048780488,1328.7,2292.01,2292.01,171.9,171.9,76.4,76.4,229.2,229.2
male,46.3,165.1,31,extra_active,maintain,1,0,2,0.016544117647058765,0.4314285714285715,0.3170731707317073,1324.97,2517.44,2517.44,188.8,188.8,83.9,83.9,251.7,251.7
female,97.6,165.4,51,lightly_active,gain,0,1,0,0.9595588235294118,0.4400000000000004,0.8048780487804879,1641.68,2257.31,2557.31,191.8,191.8,71.0,71.0,287.7,287.7
male,60.9,181.3,21,extra_active,maintain,1,0,2,0.28492647058823517,0.894285714285715,0.07317073170731708,1655.08,3144.65,3144.65,235.8,235.8,104.8,104.8,314.5,314.5
male,50.3,165.3,41,moderately_active,lose,1,2,1,0.09007352941176461,0.4371428571428577,0.5609756097560976,1322.75,2050.26,1550.26,135.6,135.6,51.7,51.7,135.6,135.6
male,77.8,173.1,46,very_active,lose,1,4,1,0.5955882352941176,0.6600000000000001,0.6829268292682928,1700.21,2932.86,2432.86,212.9,212.9,81.1,81.1,212.9,212.9
female,72.6,162.9,36,lightly_active,lose,0,1,1,0.4999999999999999,0.36857142857142833,0.43902439024390244,1467.71,2018.1,1518.1,132.8,132.8,50.6,50.6,132.8,132.8
female,55.8,151.8,23,extra_active,maintain,0,0,2,0.19117647058823517,0.0514285714285716,0.12195121951219517,1334.26,2535.09,2535.09,190.1,190.1,84.5,84.5,253.5,253.5
female,94.2,159.8,50,very_active,lose,0,4,1,0.8970588235294118,0.28000000000000025,0.7804878048780488,1597.22,2755.2,2255.2,197.3,197.3,75.2,75.2,197.3,197.3
female,96.9,151.6,57,very_active,maintain,0,4,2,0.9466911764705884,0.045714285714285374,0.9512195121951221,1566.47,2702.16,2702.16,202.7,202.7,90.1,90.1,270.2,270.2
male,80.4,158.2,36,lightly_active,lose,1,1,1,0.6433823529411765,0.234285714285714,0.43902439024390244,1720.31,2365.43,1865.43,163.2,163.2,62.2,62.2,163.2,163.2
male,86.3,158.1,18,extra_active,lose,1,0,1,0.7518382352941176,0.23142857142857132,0.0,1901.06,3612.01,3112.01,272.3,272.3,103.7,103.7,272.3,272.3
female,96.5,162.0,22,very_active,maintain,0,4,2,0.9393382352941176,0.3428571428571425,0.09756097560975613,1746.54,3012.78,3012.78,226.0,226.0,100.4,100.4,301.3,301.3
male,86.8,157.0,44,very_active,lose,1,4,1,0.761029411764706,0.20000000000000018,0.6341463414634148,1754.88,3027.17,2527.17,221.1,221.1,84.2,84.2,221.1,221.1
male,82.4,152.2,33,sedentary,gain,1,3,0,0.6801470588235295,0.06285714285714228,0.3658536585365854,1735.34,2082.41,2382.41,178.7,178.7,66.2,66.2,268.0,268.0
male,80.9,164.1,23,very_active,maintain,1,4,2,0.6525735294117648,0.402857142857143,0.12195121951219517,1829.12,3155.23,3155.23,236.6,236.6,105.2,105.2,315.5,315.5
female,82.3,183.6,57,sedentary,maintain,0,3,2,0.6783088235294118,0.96,0.9512195121951221,1530.6,1836.72,1836.72,137.8,137.8,61.2,61.2,183.7,183.7
female,73.4,151.4,30,extra_active,maintain,0,0,2,0.5147058823529412,0.040000000000000036,0.2926829268292683,1465.46,2784.37,2784.37,208.8,208.8,92.8,92.8,278.4,278.4
male,79.8,176.7,52,extra_active,gain,1,0,0,0.6323529411764705,0.7628571428571425,0.8292682926829269,1710.22,3249.42,3549.42,266.2,266.2,98.6,98.6,399.3,399.3
female,73.6,160.5,36,extra_active,maintain,0,0,2,0.5183823529411763,0.2999999999999998,0.43902439024390244,1469.52,2792.09,2792.09,209.4,209.4,93.1,93.1,279.2,279.2
female,96.7,170.3,29,moderately_active,lose,0,2,1,0.9430147058823529,0.5800000000000001,0.26829268292682934,1743.8,2702.89,2202.89,192.8,192.8,73.4,73.4,192.8,192.8
female,58.6,176.3,33,extra_active,lose,0,0,1,0.24264705882352955,0.7514285714285718,0.3658536585365854,1392.75,2646.22,2146.22,187.8,187.8,71.5,71.5,187.8,187.8
female,60.1,160.0,27,very_active,lose,0,4,1,0.27022058823529405,0.2857142857142856,0.21951219512195125,1382.11,2384.14,1884.14,164.9,164.9,62.8,62.8,164.9,164.9
female,99.3,161.6,42,lightly_active,maintain,0,1,2,0.9908088235294118,0.33142857142857096,0.5853658536585367,1684.6,2316.32,2316.32,173.7,173.7,77.2,77.2,231.6,231.6
male,92.8,172.8,37,sedentary,lose,1,3,1,0.8713235294117646,0.6514285714285721,0.4634146341463415,1950.82,2340.98,1840.98,161.1,161.1,61.4,61.4,161.1,161.1
female,60.6,180.2,48,moderately_active,maintain,0,2,2,0.27941176470588236,0.8628571428571421,0.7317073170731709,1358.38,2105.49,2105.49,157.9,157.9,70.2,70.2,210.5,210.5
male,77.7,171.5,21,extra_active,lose,1,0,1,0.5937500000000001,0.6142857142857139,0.07317073170731708,1833.12,3482.93,2982.93,261.0,261.0,99.4,99.4,261.0,261.0
male,63.1,161.3,40,extra_active,gain,1,0,0,0.3253676470588235,0.32285714285714295,0.5365853658536586,1480.71,2813.35,3113.35,233.5,233.5,86.5,86.5,350.3,350.3
female,78.3,179.7,19,lightly_active,gain,0,1,0,0.604779411764706,0.8485714285714279,0.024390243902439046,1646.07,2263.35,2563.35,192.3,192.3,71.2,71.2,288.4,288.4
male,81.6,154.6,39,lightly_active,gain,1,1,0,0.6654411764705882,0.13142857142857167,0.5121951219512195,1702.08,2340.36,2640.36,198.0,198.0,73.3,73.3,297.0,297.0
male,73.0,155.6,54,moderately_active,gain,1,2,0,0.5073529411764707,0.16000000000000014,0.878048780487805,1506.51,2335.09,2635.09,197.6,197.6,73.2,73.2,296.4,296.4
male,48.3,164.1,25,sedentary,maintain,1,3,2,0.053308823529411686,0.402857142857143,0.17073170731707316,1381.03,1657.24,1657.24,124.3,124.3,55.2,55.2,165.7,165.7
female,70.1,168.6,24,extra_active,lose,0,0,1,0.45404411764705876,0.5314285714285711,0.14634146341463422,1514.21,2877.0,2377.0,208.0,208.0,79.2,79.2,208.0,208.0
female,91.1,158.1,31,moderately_active,gain,0,2,0,0.8400735294117646,0.23142857142857132,0.3170731707317073,1645.56,2550.62,2850.62,213.8,213.8,79.2,79.2,320.7,320.7
male,51.4,168.1,20,very_active,maintain,1,4,2,0.11029411764705876,0.5171428571428569,0.04878048780487804,1470.14,2535.99,2535.99,190.2,190.2,84.5,84.5,253.6,253.6
female,79.9,165.1,33,very_active,gain,0,4,0,0.6341911764705884,0.4314285714285715,0.3658536585365854,1555.02,2682.41,2982.41,223.7,223.7,82.8,82.8,335.5,335.5
female,72.9,159.5,36,moderately_active,gain,0,2,0,0.5055147058823531,0.27142857142857135,0.43902439024390244,1459.95,2262.92,2562.92,192.2,192.2,71.2,71.2,288.3,288.3
female,84.0,182.0,35,extra_active,maintain,0,0,2,0.7095588235294118,0.9142857142857146,0.4146341463414634,1636.63,3109.6,3109.6,233.2,233.2,103.7,103.7,311.0,311.0
female,58.5,162.8,33,moderately_active,maintain,0,2,2,0.2408088235294118,0.36571428571428566,0.3658536585365854,1350.01,2092.52,2092.52,156.9,156.9,69.8,69.8,209.3,209.3
male,70.6,166.0,25,extra_active,lose,1,0,1,0.46323529411764686,0.4571428571428573,0.17073170731707316,1688.9,3208.91,2708.91,237.0,237.0,90.3,90.3,237.0,237.0
male,76.6,171.3,50,lightly_active,lose,1,1,1,0.5735294117647057,0.6085714285714285,0.7804878048780488,1652.79,2272.59,1772.59,155.1,155.1,59.1,59.1,155.1,155.1
female,88.2,157.2,29,moderately_active,gain,0,2,0,0.7867647058823529,0.20571428571428552,0.26829268292682934,1624.61,2518.15,2818.15,211.4,211.4,78.3,78.3,317.0,317.0
female,64.9,163.0,28,extra_active,gain,0,0,0,0.35845588235294124,0.371428571428571,0.2439024390243903,1431.46,2719.77,3019.77,226.5,226.5,83.9,83.9,339.7,339.7
male,65.1,160.7,22,moderately_active,lose,1,2,1,0.3621323529411763,0.30571428571428516,0.09756097560975613,1606.81,2490.56,1990.56,174.2,174.2,66.4,66.4,174.2,174.2
male,75.4,167.8,44,moderately_active,lose,1,2,1,0.5514705882352943,0.5085714285714289,0.6341463414634148,1653.98,2563.67,2063.67,180.6,180.6,68.8,68.8,180.6,180.6
female,61.3,160.1,29,extra_active,maintain,0,0,2,0.29227941176470573,0.28857142857142826,0.26829268292682934,1384.85,2631.21,2631.21,197.3,197.3,87.7,87.7,263.1,263.1
male,84.9,159.0,34,extra_active,lose,1,0,1,0.7261029411764707,0.2571428571428571,0.39024390243902446,1795.79,3412.0,2912.0,254.8,254.8,97.1,97.1,254.8,254.8
female,77.4,173.5,23,sedentary,lose,0,3,1,0.5882352941176471,0.6714285714285717,0.12195121951219517,1601.22,1921.46,1421.46,124.4,124.4,47.4,47.4,124.4,124.4
female,71.0,172.4,50,moderately_active,gain,0,2,0,0.47058823529411764,0.6400000000000006,0.7804878048780488,1421.73,2203.68,2503.68,187.8,187.8,69.5,69.5,281.7,281.7
male,96.2,151.4,22,very_active,lose,1,4,1,0.9338235294117648,0.040000000000000036,0.09756097560975613,1978.83,3413.48,2913.48,254.9,254.9,97.1,97.1,254.9,254.9
male,71.3,163.7,45,moderately_active,gain,1,2,0,0.47610294117647045,0.39142857142857146,0.6585365853658538,1573.7,2439.24,2739.24,205.4,205.4,76.1,76.1,308.2,308.2
female,47.9,154.8,31,moderately_active,lose,0,2,1,0.045955882352941124,0.1371428571428579,0.3170731707317073,1235.86,1915.58,1415.58,123.9,123.9,47.2,47.2,123.9,123.9
female,83.5,169.5,22,extra_active,maintain,0,0,2,0.7003676470588235,0.5571428571428569,0.09756097560975613,1649.57,3134.18,3134.18,235.1,235.1,104.5,104.5,313.4,313.4
male,55.6,179.4,50,moderately_active,lose,1,2,1,0.1875000000000001,0.8399999999999999,0.7804878048780488,1410.33,2186.01,1686.01,147.5,147.5,56.2,56.2,147.5,147.5
female,63.5,166.1,58,moderately_active,lose,0,2,1,0.33272058823529405,0.45999999999999996,0.9756097560975612,1298.22,2012.24,1512.24,132.3,132.3,50.4,50.4,132.3,132.3
male,63.0,161.1,36,very_active,lose,1,4,1,0.32352941176470595,0.3171428571428567,0.43902439024390244,1501.12,2589.43,2089.43,182.8,182.8,69.6,69.6,182.8,182.8
female,98.2,160.4,39,extra_active,gain,0,0,0,0.9705882352941176,0.29714285714285715,0.5121951219512195,1683.7,3199.03,3499.03,262.4,262.4,97.2,97.2,393.6,393.6
male,61.7,152.9,22,moderately_active,maintain,1,2,2,0.2996323529411765,0.08285714285714274,0.09756097560975613,1523.83,2361.94,2361.94,177.1,177.1,78.7,78.7,236.2,236.2
male,73.7,165.5,19,lightly_active,lose,1,1,1,0.5202205882352943,0.44285714285714306,0.024390243902439046,1762.09,2422.87,1922.87,168.3,168.3,64.1,64.1,168.3,168.3
male,58.8,155.4,47,sedentary,gain,1,3,0,0.2463235294117646,0.1542857142857148,0.7073170731707319,1355.05,1626.06,1926.06,144.5,144.5,53.5,53.5,216.7,216.7
female,59.8,175.9,56,very_active,maintain,0,4,2,0.26470588235294124,0.7400000000000002,0.9268292682926831,1303.02,2247.71,2247.71,168.6,168.6,74.9,74.9,224.8,224.8
female,77.6,155.7,21,moderately_active,gain,0,2,0,0.5919117647058824,0.1628571428571428,0.07317073170731708,1556.59,2412.71,2712.71,203.5,203.5,75.4,75.4,305.2,305.2
male,46.6,169.9,50,lightly_active,gain,1,1,0,0.022058823529411797,0.5685714285714285,0.7804878048780488,1244.16,1710.72,2010.72,150.8,150.8,55.9,55.9,226.2,226.2
female,58.0,162.6,30,moderately_active,maintain,0,2,2,0.23161764705882348,0.35999999999999943,0.2926829268292683,1357.75,2104.51,2104.51,157.8,157.8,70.2,70.2,210.5,210.5
male,68.1,151.1,37,moderately_active,lose,1,2,1,0.41727941176470573,0.03142857142857114,0.4634146341463415,1515.78,2349.46,1849.46,161.8,161.8,61.6,61.6,161.8,161.8
male,64.4,163.9,24,extra_active,gain,1,0,0,0.34926470588235314,0.3971428571428577,0.14634146341463422,1601.44,3042.74,3342.74,250.7,250.7,92.9,92.9,376.1,376.1
female,95.4,177.4,32,extra_active,gain,0,0,0,0.9191176470588237,0.7828571428571429,0.34146341463414637,1740.78,3307.48,3607.48,270.6,270.6,100.2,100.2,405.8,405.8
female,64.2,179.8,40,extra_active,lose,0,0,1,0.34558823529411764,0.8514285714285714,0.5365853658536586,1425.07,2707.63,2207.63,193.2,193.2,73.6,73.6,193.2,193.2
male,63.6,167.9,31,lightly_active,lose,1,1,1,0.3345588235294118,0.5114285714285716,0.3170731707317073,1570.18,2159.0,1659.0,145.2,145.2,55.3,55.3,145.2,145.2
female,56.6,150.9,40,moderately_active,maintain,0,2,2,0.20588235294117652,0.0257142857142858,0.5365853658536586,1265.26,1961.15,1961.15,147.1,147.1,65.4,65.4,196.1,196.1
female,76.2,182.7,36,sedentary,maintain,0,3,2,0.5661764705882354,0.9342857142857142,0.43902439024390244,1562.34,1874.81,1874.81,140.6,140.6,62.5,62.5,187.5,187.5
male,56.1,164.1,46,very_active,maintain,1,4,2,0.1966911764705882,0.402857142857143,0.6829268292682928,1366.31,2356.88,2356.88,176.8,176.8,78.6,78.6,235.7,235.7
male,58.0,184.6,37,extra_active,lose,1,0,1,0.23161764705882348,0.9885714285714284,0.4634146341463415,1541.23,2928.34,2428.34,212.5,212.5,80.9,80.9,212.5,212.5
female,81.5,166.8,46,extra_active,gain,0,0,0,0.6636029411764707,0.4800000000000004,0.6829268292682928,1518.79,2885.7,3185.7,238.9,238.9,88.5,88.5,358.4,358.4
male,75.4,150.1,41,moderately_active,gain,1,2,0,0.5514705882352943,0.0028571428571426694,0.5609756097560976,1586.07,2458.41,2758.41,206.9,206.9,76.6,76.6,310.3,310.3
male,69.9,154.9,35,moderately_active,maintain,1,2,2,0.4503676470588237,0.14000000000000057,0.4146341463414634,1569.48,2432.69,2432.69,182.5,182.5,81.1,81.1,243.3,243.3
female,70.3,164.8,27,lightly_active,lose,0,1,1,0.45772058823529405,0.4228571428571435,0.21951219512195125,1491.3,2050.54,1550.54,135.7,135.7,51.7,51.7,135.7,135.7
male,74.3,156.3,58,lightly_active,gain,1,1,0,0.5312499999999999,0.1800000000000006,0.9756097560975612,1504.58,2068.8,2368.8,177.7,177.7,65.8,65.8,266.5,266.5
male,80.2,152.0,25,extra_active,maintain,1,0,2,0.6397058823529412,0.05714285714285694,0.17073170731707316,1750.32,3325.61,3325.61,249.4,249.4,110.9,110.9,332.6,332.6
female,62.0,171.0,43,moderately_active,gain,0,2,0,0.3051470588235293,0.5999999999999996,0.6097560975609757,1364.47,2114.93,2414.93,181.1,181.1,67.1,67.1,271.7,271.7
female,81.4,155.4,46,sedentary,gain,0,3,0,0.6617647058823531,0.1542857142857148,0.6829268292682928,1482.55,1779.06,2079.06,155.9,155.9,57.8,57.8,233.9,233.9
male,93.8,162.1,27,very_active,lose,1,4,1,0.8897058823529412,0.3457142857142852,0.21951219512195125,1969.64,3397.63,2897.63,253.5,253.5,96.6,96.6,253.5,253.5
male,54.5,182.1,34,moderately_active,lose,1,2,1,0.16727941176470595,0.9171428571428573,0.39024390243902446,1499.38,2324.04,1824.04,159.6,159.6,60.8,60.8,159.6,159.6
female,71.8,165.8,19,moderately_active,gain,0,2,0,0.48529411764705876,0.45142857142857196,0.024390243902439046,1542.91,2391.51,2691.51,201.9,201.9,74.8,74.8,302.8,302.8
female,52.2,172.6,23,lightly_active,maintain,0,1,2,0.125,0.6457142857142859,0.12195121951219517,1365.41,1877.44,1877.44,140.8,140.8,62.6,62.6,187.7,187.7
female,79.2,158.7,22,very_active,lose,0,4,1,0.6213235294117648,0.24857142857142822,0.09756097560975613,1576.35,2719.2,2219.2,194.2,194.2,74.0,74.0,194.2,194.2
female,73.4,170.4,45,extra_active,gain,0,0,0,0.5147058823529412,0.5828571428571427,0.6585365853658538,1459.37,2772.8,3072.8,230.5,230.5,85.4,85.4,345.7,345.7
male,54.9,157.5,58,moderately_active,lose,1,2,1,0.17463235294117652,0.2142857142857144,0.9756097560975612,1250.43,1938.17,1438.17,125.8,125.8,47.9,47.9,125.8,125.8
female,62.0,176.7,22,extra_active,lose,0,0,1,0.3051470588235293,0.7628571428571425,0.09756097560975613,1473.06,2798.81,2298.81,201.1,201.1,76.6,76.6,201.1,201.1
female,62.8,151.8,35,moderately_active,lose,0,2,1,0.31985294117647045,0.0514285714285716,0.4146341463414634,1347.03,2087.9,1587.9,138.9,138.9,52.9,52.9,138.9,138.9
male,65.6,163.7,43,extra_active,gain,1,0,0,0.3713235294117646,0.39142857142857146,0.6097560975609757,1508.69,2866.51,3166.51,237.5,237.5,88.0,88.0,356.2,356.2
female,56.2,159.9,37,very_active,maintain,0,4,2,0.19852941176470595,0.2828571428571429,0.4634146341463415,1302.43,2246.69,2246.69,168.5,168.5,74.9,74.9,224.7,224.7
male,65.0,157.8,58,lightly_active,maintain,1,1,2,0.36029411764705876,0.2228571428571433,0.9756097560975612,1387.18,1907.37,1907.37,143.1,143.1,63.6,63.6,190.7,190.7
female,65.4,164.1,44,very_active,maintain,0,4,2,0.36764705882352955,0.402857142857143,0.6341463414634148,1370.21,2363.61,2363.61,177.3,177.3,78.8,78.8,236.4,236.4
female,60.6,164.1,29,sedentary,lose,0,3,1,0.27941176470588236,0.402857142857143,0.26829268292682934,1390.77,1668.92,1200.0,105.0,105.0,40.0,40.0,105.0,105.0
female,55.9,174.0,24,lightly_active,gain,0,1,0,0.19301470588235292,0.6857142857142859,0.14634146341463422,1399.63,1924.49,2224.49,166.8,166.8,61.8,61.8,250.3,250.3
male,55.3,173.2,20,very_active,lose,1,4,1,0.18198529411764708,0.6628571428571428,0.04878048780487804,1546.86,2668.33,2168.33,189.7,189.7,72.3,72.3,189.7,189.7
male,71.3,178.0,27,sedentary,maintain,1,3,2,0.47610294117647045,0.7999999999999998,0.21951219512195125,1744.51,2093.41,2093.41,157.0,157.0,69.8,69.8,209.3,209.3
female,63.0,163.3,51,moderately_active,maintain,0,2,2,0.32352941176470595,0.3799999999999999,0.8048780487804879,1315.23,2038.61,2038.61,152.9,152.9,68.0,68.0,203.9,203.9
male,84.4,162.0,42,moderately_active,gain,1,2,0,0.7169117647058826,0.3428571428571425,0.5853658536585367,1758.07,2725.01,3025.01,226.9,226.9,84.0,84.0,340.3,340.3
male,50.2,178.3,52,extra_active,lose,1,0,1,0.08823529411764708,0.8085714285714287,0.8292682926829269,1321.35,2510.56,2010.56,175.9,175.9,67.0,67.0,175.9,175.9
male,83.8,164.7,33,lightly_active,maintain,1,1,2,0.7058823529411765,0.41999999999999993,0.3658536585365854,1814.08,2494.36,2494.36,187.1,187.1,83.1,83.1,249.4,249.4
male,65.9,164.1,19,moderately_active,gain,1,2,0,0.37683823529411786,0.402857142857143,0.024390243902439046,1650.88,2558.86,2858.86,214.4,214.4,79.4,79.4,321.6,321.6
male,87.5,156.0,41,lightly_active,lose,1,1,1,0.7738970588235293,0.1714285714285717,0.5609756097560976,1776.49,2442.67,1942.67,170.0,170.0,64.8,64.8,170.0,170.0
male,93.5,173.5,27,moderately_active,lose,1,2,1,0.8841911764705882,0.6714285714285717,0.21951219512195125,2020.33,3131.51,2631.51,230.3,230.3,87.7,87.7,230.3,230.3
female,92.4,165.6,55,extra_active,maintain,0,0,2,0.8639705882352943,0.44571428571428573,0.902439024390244,1576.89,2996.09,2996.09,224.7,224.7,99.9,99.9,299.6,299.6
female,72.9,162.9,39,very_active,maintain,0,4,2,0.5055147058823531,0.36857142857142833,0.5121951219512195,1457.49,2514.17,2514.17,188.6,188.6,83.8,83.8,251.4,251.4
male,58.5,171.8,43,extra_active,lose,1,0,1,0.2408088235294118,0.6228571428571428,0.6097560975609757,1452.44,2759.64,2259.64,197.7,197.7,75.3,75.3,197.7,197.7
female,78.2,180.5,56,sedentary,lose,0,3,1,0.6029411764705882,0.871428571428571,0.9268292682926831,1487.42,1784.9,1284.9,112.4,112.4,42.8,42.8,112.4,112.4
female,62.2,169.1,44,moderately_active,maintain,0,2,2,0.30882352941176483,0.5457142857142854,0.6341463414634148,1356.11,2101.97,2101.97,157.6,157.6,70.1,70.1,210.2,210.2
female,54.9,168.9,46,sedentary,lose,0,3,1,0.17463235294117652,0.54,0.6829268292682928,1279.33,1535.2,1200.0,105.0,105.0,40.0,40.0,105.0,105.0
female,55.6,158.7,55,sedentary,maintain,0,3,2,0.1875000000000001,0.24857142857142822,0.902439024390244,1215.23,1458.28,1458.28,109.4,109.4,48.6,48.6,145.8,145.8
male,58.8,159.2,37,lightly_active,lose,1,1,1,0.2463235294117646,0.26285714285714246,0.4634146341463415,1430.06,1966.33,1466.33,128.3,128.3,48.9,48.9,128.3,128.3
female,64.4,154.2,44,moderately_active,maintain,0,2,2,0.34926470588235314,0.1200000000000001,0.6341463414634148,1330.29,2061.95,2061.95,154.6,154.6,68.7,68.7,206.2,206.2
female,51.7,157.4,58,sedentary,gain,0,3,0,0.1158088235294118,0.21142857142857174,0.9756097560975612,1162.15,1394.58,1694.58,127.1,127.1,47.1,47.1,190.6,190.6
male,46.5,157.4,37,very_active,maintain,1,4,2,0.020220588235294157,0.21142857142857174,0.4634146341463415,1256.64,2167.7,2167.7,162.6,162.6,72.3,72.3,216.8,216.8
male,81.2,151.0,36,sedentary,maintain,1,3,2,0.6580882352941176,0.02857142857142847,0.43902439024390244,1696.48,2035.78,2035.78,152.7,152.7,67.9,67.9,203.6,203.6
female,74.0,162.5,37,very_active,gain,0,4,0,0.5257352941176471,0.35714285714285676,0.4634146341463415,1475.09,2544.53,2844.53,213.3,213.3,79.0,79.0,320.0,320.0
female,64.0,166.0,52,lightly_active,lose,0,1,1,0.34191176470588236,0.4571428571428573,0.8292682926829269,1328.51,1826.7,1326.7,116.1,116.1,44.2,44.2,116.1,116.1
female,78.8,166.4,19,sedentary,gain,0,3,0,0.613970588235294,0.46857142857142886,0.024390243902439046,1609.49,1931.39,2231.39,167.4,167.4,62.0,62.0,251.0,251.0
female,70.4,167.0,47,extra_active,maintain,0,0,2,0.4595588235294118,0.48571428571428577,0.7073170731707319,1412.44,2683.64,2683.64,201.3,201.3,89.5,89.5,268.4,268.4
female,66.7,154.2,51,lightly_active,lose,0,1,1,0.391544117647059,0.1200000000000001,0.8048780487804879,1321.25,1816.72,1316.72,115.2,115.2,43.9,43.9,115.2,115.2
female,79.7,178.7,39,very_active,gain,0,4,0,0.6305147058823529,0.8199999999999994,0.5121951219512195,1569.32,2707.08,3007.08,225.5,225.5,83.5,83.5,338.3,338.3
male,81.6,159.4,20,lightly_active,lose,1,1,1,0.6654411764705882,0.2685714285714287,0.04878048780487804,1832.98,2520.35,2020.35,176.8,176.8,67.3,67.3,176.8,176.8
female,67.1,175.5,23,sedentary,lose,0,3,1,0.3988970588235293,0.7285714285714286,0.12195121951219517,1512.18,1814.62,1314.62,115.0,115.0,43.8,43.8,115.0,115.0
female,83.1,154.3,32,moderately_active,gain,0,2,0,0.6930147058823529,0.12285714285714278,0.34146341463414637,1555.48,2410.99,2710.99,203.3,203.3,75.3,75.3,305.0,305.0
male,47.3,163.6,44,moderately_active,lose,1,2,1,0.03492647058823528,0.3885714285714288,0.6341463414634148,1257.37,1948.92,1448.92,126.8,126.8,48.3,48.3,126.8,126.8
male,66.2,171.8,27,very_active,gain,1,4,0,0.3823529411764707,0.6228571428571428,0.21951219512195125,1646.43,2840.09,3140.09,235.5,235.5,87.2,87.2,353.3,353.3
male,82.5,184.5,26,very_active,maintain,1,4,2,0.6819852941176471,0.9857142857142858,0.1951219512195122,1931.43,3331.72,3331.72,249.9,249.9,111.1,111.1,333.2,333.2
male,46.6,152.7,50,moderately_active,lose,1,2,1,0.022058823529411797,0.07714285714285651,0.7804878048780488,1161.62,1800.51,1300.51,113.8,113.8,43.4,43.4,113.8,113.8
female,49.9,163.0,49,very_active,maintain,0,4,2,0.08272058823529405,0.371428571428571,0.7560975609756098,1201.82,2073.14,2073.14,155.5,155.5,69.1,69.1,207.3,207.3
female,63.1,164.8,23,lightly_active,maintain,0,1,2,0.3253676470588235,0.4228571428571435,0.12195121951219517,1442.04,1982.8,1982.8,148.7,148.7,66.1,66.1,198.3,198.3
female,82.4,168.1,58,extra_active,lose,0,0,1,0.6801470588235295,0.5171428571428569,0.9756097560975612,1479.18,2810.44,2310.44,202.2,202.2,77.0,77.0,202.2,202.2
female,94.1,177.2,53,extra_active,gain,0,0,0,0.895220588235294,0.7771428571428567,0.853658536585366,1637.21,3110.7,3410.7,255.8,255.8,94.7,94.7,383.7,383.7
female,76.9,161.7,19,lightly_active,lose,0,1,1,0.579044117647059,0.33428571428571363,0.024390243902439046,1577.36,2168.87,1668.87,146.0,146.0,55.6,55.6,146.0,146.0
female,95.3,164.4,46,extra_active,maintain,0,0,2,0.917279411764706,0.4114285714285719,0.6829268292682928,1638.96,3114.02,3114.02,233.6,233.6,103.8,103.8,311.4,311.4
male,91.0,181.4,21,sedentary,maintain,1,3,2,0.8382352941176471,0.8971428571428577,0.07317073170731708,2058.81,2470.57,2470.57,185.3,185.3,82.4,82.4,247.1,247.1
female,74.1,165.7,18,lightly_active,gain,0,1,0,0.5275735294117646,0.4485714285714284,0.0,1568.19,2156.26,2456.26,184.2,184.2,68.2,68.2,276.3,276.3
male,56.0,155.7,36,very_active,lose,1,4,1,0.19485294117647067,0.1628571428571428,0.43902439024390244,1381.43,2382.97,1882.97,164.8,164.8,62.8,62.8,164.8,164.8
male,67.1,157.4,43,lightly_active,maintain,1,1,2,0.3988970588235293,0.21142857142857174,0.6097560975609757,1498.55,2060.51,2060.51,154.5,154.5,68.7,68.7,206.1,206.1
female,83.1,176.1,42,moderately_active,maintain,0,2,2,0.6930147058823529,0.7457142857142856,0.5853658536585367,1579.72,2448.57,2448.57,183.6,183.6,81.6,81.6,244.9,244.9
male,70.6,152.2,27,very_active,maintain,1,4,2,0.46323529411764686,0.06285714285714228,0.21951219512195125,1611.32,2779.53,2779.53,208.5,208.5,92.7,92.7,278.0,278.0
female,66.6,160.3,32,moderately_active,gain,0,2,0,0.389705882352941,0.2942857142857145,0.34146341463414637,1421.49,2203.31,2503.31,187.7,187.7,69.5,69.5,281.6,281.6
male,61.3,167.6,39,very_active,maintain,1,4,2,0.29227941176470573,0.5028571428571427,0.5121951219512195,1492.51,2574.58,2574.58,193.1,193.1,85.8,85.8,257.5,257.5
female,65.6,166.7,38,extra_active,maintain,0,0,2,0.3713235294117646,0.47714285714285687,0.48780487804878053,1406.09,2671.57,2671.57,200.4,200.4,89.1,89.1,267.2,267.2
male,99.3,160.8,39,lightly_active,lose,1,1,1,0.9908088235294118,0.3085714285714287,0.5121951219512195,1968.96,2707.32,2207.32,193.1,193.1,73.6,73.6,193.1,193.1
female,78.7,167.6,53,sedentary,lose,0,3,1,0.6121323529411765,0.5028571428571427,0.853658536585366,1465.07,1758.08,1258.08,110.1,110.1,41.9,41.9,110.1,110.1
female,50.6,156.7,51,very_active,maintain,0,4,2,0.09558823529411764,0.19142857142857128,0.8048780487804879,1180.12,2035.71,2035.71,152.7,152.7,67.9,67.9,203.6,203.6
female,67.3,183.5,47,very_active,maintain,0,4,2,0.4025735294117646,0.9571428571428573,0.7073170731707319,1434.89,2475.19,2475.19,185.6,185.6,82.5,82.5,247.5,247.5
female,57.3,181.8,42,moderately_active,lose,0,2,1,0.2187499999999999,0.9085714285714293,0.5853658536585367,1358.8,2106.14,1606.14,140.5,140.5,53.5,53.5,140.5,140.5
female,96.1,179.2,45,extra_active,gain,0,0,0,0.9319852941176471,0.8342857142857136,0.6585365853658538,1696.54,3223.43,3523.43,264.3,264.3,97.9,97.9,396.4,396.4
male,53.1,179.7,18,moderately_active,gain,1,2,0,0.14154411764705888,0.8485714285714279,0.0,1559.94,2417.91,2717.91,203.8,203.8,75.5,75.5,305.8,305.8
male,71.9,176.6,21,moderately_active,gain,1,2,0,0.4871323529411765,0.7599999999999998,0.07317073170731708,1779.89,2758.83,3058.83,229.4,229.4,85.0,85.0,344.1,344.1
male,83.8,166.5,24,extra_active,gain,1,0,0,0.7058823529411765,0.47142857142857153,0.14634146341463422,1873.82,3560.26,3860.26,289.5,289.5,107.2,107.2,434.3,434.3
female,79.9,182.7,26,sedentary,gain,0,3,0,0.6341911764705884,0.9342857142857142,0.1951219512195122,1639.85,1967.82,2267.82,170.1,170.1,63.0,63.0,255.1,255.1
male,71.9,176.8,53,moderately_active,gain,1,2,0,0.4871323529411765,0.765714285714286,0.853658536585366,1599.19,2478.74,2778.74,208.4,208.4,77.2,77.2,312.6,312.6
female,92.3,159.3,36,moderately_active,gain,0,2,0,0.8621323529411765,0.265714285714286,0.43902439024390244,1638.72,2540.02,2840.02,213.0,213.0,78.9,78.9,319.5,319.5
female,64.3,169.3,18,very_active,gain,0,4,0,0.34742647058823517,0.5514285714285716,0.0,1488.73,2568.06,2868.06,215.1,215.1,79.7,79.7,322.7,322.7
male,55.5,160.4,27,extra_active,lose,1,0,1,0.18566176470588236,0.29714285714285715,0.21951219512195125,1448.38,2751.92,2251.92,197.0,197.0,75.1,75.1,197.0,197.0
male,61.2,171.5,53,lightly_active,gain,1,1,0,0.2904411764705882,0.6142857142857139,0.853658536585366,1430.41,1966.81,2266.81,170.0,170.0,63.0,63.0,255.0,255.0
female,78.5,181.6,26,sedentary,gain,0,3,0,0.6084558823529412,0.902857142857143,0.1951219512195122,1623.5,1948.2,2248.2,168.6,168.6,62.4,62.4,252.9,252.9
male,82.8,165.5,59,sedentary,gain,1,3,0,0.6874999999999999,0.44285714285714306,1.0,1656.93,1988.32,2288.32,171.6,171.6,63.6,63.6,257.4,257.4
female,81.9,165.5,49,extra_active,maintain,0,0,2,0.6709558823529412,0.44285714285714306,0.7560975609756098,1505.47,2860.39,2860.39,214.5,214.5,95.3,95.3,286.0,286.0
female,82.0,160.4,49,very_active,lose,0,4,1,0.6727941176470588,0.29714285714285715,0.7560975609756098,1490.6,2571.28,2071.28,181.2,181.2,69.0,69.0,181.2,181.2
female,69.7,162.8,23,very_active,lose,0,4,1,0.4466911764705882,0.36571428571428566,0.12195121951219517,1496.87,2582.1,2082.1,182.2,182.2,69.4,69.4,182.2,182.2
female,62.9,152.5,55,extra_active,lose,0,0,1,0.3216911764705882,0.07142857142857117,0.902439024390244,1263.52,2400.69,1900.69,166.3,166.3,63.4,63.4,166.3,166.3
female,67.8,150.3,34,very_active,gain,0,4,0,0.4117647058823529,0.008571428571428896,0.39024390243902446,1392.95,2402.84,2702.84,202.7,202.7,75.1,75.1,304.1,304.1
male,73.8,178.5,27,sedentary,gain,1,3,0,0.5220588235294118,0.8142857142857141,0.21951219512195125,1780.4,2136.48,2436.48,182.7,182.7,67.7,67.7,274.1,274.1
male,72.2,166.1,44,sedentary,maintain,1,3,2,0.49264705882352955,0.45999999999999996,0.6341463414634148,1602.95,1923.54,1923.54,144.3,144.3,64.1,64.1,192.4,192.4
female,72.6,167.0,52,lightly_active,lose,0,1,1,0.4999999999999999,0.48571428571428577,0.8292682926829269,1411.13,1940.3,1440.3,126.0,126.0,48.0,48.0,126.0,126.0
female,57.1,181.5,38,extra_active,gain,0,0,0,0.21507352941176483,0.9000000000000004,0.48780487804878053,1373.34,2609.35,2909.35,218.2,218.2,80.8,80.8,327.3,327.3
male,53.6,167.3,42,moderately_active,lose,1,2,1,0.15073529411764708,0.49428571428571466,0.5853658536585367,1370.88,2124.86,1624.86,142.2,142.2,54.2,54.2,142.2,142.2
male,88.2,155.9,45,moderately_active,maintain,1,2,2,0.7867647058823529,0.16857142857142904,0.6585365853658538,1762.68,2732.15,2732.15,204.9,204.9,91.1,91.1,273.2,273.2
female,58.7,165.5,32,lightly_active,maintain,0,1,2,0.24448529411764708,0.44285714285714306,0.34146341463414637,1364.55,1876.26,1876.26,140.7,140.7,62.5,62.5,187.6,187.6
male,82.1,180.1,21,lightly_active,maintain,1,1,2,0.6746323529411763,0.8599999999999994,0.07317073170731708,1933.34,2658.34,2658.34,199.4,199.4,88.6,88.6,265.8,265.8
female,49.3,157.0,46,very_active,lose,0,4,1,0.0716911764705882,0.20000000000000018,0.6829268292682928,1190.68,2053.92,1553.92,136.0,136.0,51.8,51.8,136.0,136.0
male,72.5,157.4,26,lightly_active,gain,1,1,0,0.49816176470588236,0.21142857142857174,0.1951219512195122,1667.41,2292.69,2592.69,194.5,194.5,72.0,72.0,291.7,291.7
female,68.0,150.0,44,lightly_active,gain,0,1,0,0.4154411764705882,0.0,0.6341463414634148,1350.57,1857.03,2157.03,161.8,161.8,59.9,59.9,242.7,242.7
male,71.0,156.0,43,moderately_active,maintain,1,2,2,0.47058823529411764,0.1714285714285717,0.6097560975609757,1544.08,2393.32,2393.32,179.5,179.5,79.8,79.8,239.3,239.3
female,87.4,180.7,36,very_active,gain,0,4,0,0.7720588235294118,0.8771428571428572,0.43902439024390244,1659.71,2863.0,3163.0,237.2,237.2,87.9,87.9,355.8,355.8
male,61.3,169.5,45,lightly_active,maintain,1,1,2,0.29227941176470573,0.5571428571428569,0.6585365853658538,1467.56,2017.89,2017.89,151.3,151.3,67.3,67.3,201.8,201.8
male,79.8,181.8,34,lightly_active,lose,1,1,1,0.6323529411764705,0.9085714285714293,0.39024390243902446,1836.88,2525.71,2025.71,177.2,177.2,67.5,67.5,177.2,177.2
female,76.4,162.8,58,very_active,maintain,0,4,2,0.5698529411764707,0.36571428571428566,0.9756097560975612,1407.28,2427.56,2427.56,182.1,182.1,80.9,80.9,242.8,242.8
male,67.7,168.0,59,extra_active,lose,1,0,1,0.4099264705882354,0.5142857142857142,1.0,1466.63,2786.6,2286.6,200.1,200.1,76.2,76.2,200.1,200.1
female,97.2,173.5,37,very_active,maintain,0,4,2,0.9522058823529412,0.6714285714285717,0.4634146341463415,1723.69,2973.37,2973.37,223.0,223.0,99.1,99.1,297.3,297.3
male,88.0,165.6,57,moderately_active,gain,1,2,0,0.7830882352941176,0.44571428571428573,0.9512195121951221,1738.42,2694.55,2994.55,224.6,224.6,83.2,83.2,336.9,336.9
female,64.7,159.2,56,extra_active,gain,0,0,0,0.35477941176470595,0.26285714285714246,0.9268292682926831,1296.6,2463.54,2763.54,207.3,207.3,76.8,76.8,310.9,310.9
male,58.1,160.3,40,sedentary,maintain,1,3,2,0.23345588235294124,0.2942857142857145,0.5365853658536586,1408.93,1690.72,1690.72,126.8,126.8,56.4,56.4,169.1,169.1
female,71.7,171.7,49,very_active,gain,0,4,0,0.48345588235294124,0.6199999999999992,0.7560975609756098,1430.36,2467.37,2767.37,207.6,207.6,76.9,76.9,311.3,311.3
male,77.3,167.5,50,moderately_active,gain,1,2,0,0.5863970588235293,0.5,0.7804878048780488,1643.93,2548.09,2848.09,213.6,213.6,79.1,79.1,320.4,320.4
female,75.5,175.0,22,extra_active,gain,0,0,0,0.5533088235294118,0.7142857142857144,0.09756097560975613,1592.63,3026.0,3326.0,249.4,249.4,92.4,92.4,374.2,374.2
male,76.9,154.9,51,very_active,lose,1,4,1,0.579044117647059,0.14000000000000057,0.8048780487804879,1572.43,2712.44,2212.44,193.6,193.6,73.7,73.7,193.6,193.6
female,62.4,159.7,57,lightly_active,gain,0,1,0,0.3124999999999999,0.2771428571428567,0.9512195121951221,1272.55,1749.76,2049.76,153.7,153.7,56.9,56.9,230.6,230.6
female,77.7,164.9,28,very_active,lose,0,4,1,0.5937500000000001,0.42571428571428616,0.2439024390243903,1555.71,2683.6,2183.6,191.1,191.1,72.8,72.8,191.1,191.1
female,49.8,161.2,20,sedentary,maintain,0,3,2,0.0808823529411764,0.3199999999999994,0.04878048780487804,1320.89,1585.07,1585.07,118.9,118.9,52.8,52.8,158.5,158.5
male,66.8,182.6,50,very_active,gain,1,4,0,0.3933823529411765,0.9314285714285715,0.7804878048780488,1575.73,2718.13,3018.13,226.4,226.4,83.8,83.8,339.5,339.5
female,58.4,181.3,28,extra_active,gain,0,0,0,0.23897058823529405,0.894285714285715,0.2439024390243903,1428.05,2713.29,3013.29,226.0,226.0,83.7,83.7,339.0,339.0
male,58.0,168.9,33,extra_active,gain,1,0,0,0.23161764705882348,0.54,0.3658536585365854,1488.6,2828.34,3128.34,234.6,234.6,86.9,86.9,351.9,351.9
female,59.7,174.8,35,very_active,maintain,0,4,2,0.2628676470588235,0.7085714285714291,0.4146341463414634,1389.62,2397.09,2397.09,179.8,179.8,79.9,79.9,239.7,239.7
male,60.8,169.8,47,extra_active,lose,1,0,1,0.28308823529411764,0.5657142857142858,0.7073170731707319,1450.95,2756.8,2256.8,197.5,197.5,75.2,75.2,197.5,197.5
female,72.8,164.6,27,lightly_active,lose,0,1,1,0.5036764705882352,0.41714285714285726,0.21951219512195125,1513.8,2081.47,1581.47,138.4,138.4,52.7,52.7,138.4,138.4
male,60.5,169.3,35,very_active,gain,1,4,0,0.2775735294117646,0.5514285714285716,0.4146341463414634,1512.66,2609.34,2909.34,218.2,218.2,80.8,80.8,327.3,327.3
male,62.9,151.5,55,lightly_active,maintain,1,1,2,0.3216911764705882,0.042857142857142705,0.902439024390244,1345.85,1850.54,1850.54,138.8,138.8,61.7,61.7,185.1,185.1
female,54.5,179.9,36,lightly_active,maintain,0,1,2,0.16727941176470595,0.8542857142857141,0.43902439024390244,1353.0,1860.38,1860.38,139.5,139.5,62.0,62.0,186.0,186.0
male,59.9,160.9,53,moderately_active,maintain,1,2,2,0.26654411764705876,0.3114285714285714,0.853658536585366,1362.12,2111.29,2111.29,158.3,158.3,70.4,70.4,211.1,211.1
male,54.1,153.9,30,very_active,maintain,1,4,2,0.15992647058823528,0.11142857142857121,0.2926829268292683,1381.4,2382.92,2382.92,178.7,178.7,79.4,79.4,238.3,238.3
female,47.9,152.8,20,extra_active,maintain,0,0,2,0.045955882352941124,0.08000000000000007,0.04878048780487804,1277.3,2426.87,2426.87,182.0,182.0,80.9,80.9,242.7,242.7
male,69.1,181.4,27,lightly_active,lose,1,1,1,0.43566176470588236,0.8971428571428577,0.21951219512195125,1731.35,2380.61,1880.61,164.6,164.6,62.7,62.7,164.6,164.6
male,59.1,173.0,55,moderately_active,lose,1,2,1,0.25183823529411764,0.6571428571428575,0.902439024390244,1398.12,2167.09,1667.09,145.9,145.9,55.6,55.6,145.9,145.9
male,96.3,161.6,18,very_active,lose,1,4,1,0.9356617647058824,0.33142857142857096,0.0,2051.83,3539.41,3039.41,265.9,265.9,101.3,101.3,265.9,265.9
female,63.5,180.8,44,very_active,gain,0,4,0,0.33272058823529405,0.8799999999999999,0.6341463414634148,1404.38,2422.56,2722.56,204.2,204.2,75.6,75.6,306.3,306.3
male,60.2,166.2,25,sedentary,maintain,1,3,2,0.2720588235294118,0.46285714285714263,0.17073170731707316,1550.53,1860.64,1860.64,139.5,139.5,62.0,62.0,186.1,186.1
female,75.1,162.7,59,sedentary,gain,0,3,0,0.545955882352941,0.3628571428571421,1.0,1390.62,1668.74,1968.74,147.7,147.7,54.7,54.7,221.5,221.5
